(688827.7187, 4422491.0462);(712725.1996, 4417383.2028);{}
(712725.1996, 4417383.2028);(739842.2464, 4395103.6318);{}
(715202.8022, 4413328.649);(715858.6407, 4413410.6142);{}
(715858.6407, 4413410.6142);(716277.8242, 4413703.6374);{}
(739842.2464, 4395103.6318);(715202.8022, 4413328.649);{'etiqueta': 'RAMBLA SECA'}
(739842.2464, 4395103.6318);(717402.7345, 4425103.5396);{'etiqueta': 'RAMBLA DE GAIBIEL'}
(739842.2464, 4395103.6318);(707402.6541, 4422803.6238);{'etiqueta': 'BARRANCO DEL CASCAJAR'}
(739842.2464, 4395103.6318);(690865.2353, 4428090.9558);{'etiqueta': 'BARRANCO DEL HOCINO'}
(739842.2464, 4395103.6318);(721927.8279, 4401503.7972);{'etiqueta': 'BARRANC DE LA SARVA'}
(739842.2464, 4395103.6318);(718352.8737, 4405828.7871);{'etiqueta': 'RAMBLA DE SOMAT O BARRANCO DE ARGINAS'}
(739842.2464, 4395103.6318);(728952.6909, 4414178.6747);{'etiqueta': 'RAMBLA DE AZUEBAR O DE JALLAR O DE CHOVAR'}
(739842.2464, 4395103.6318);(717327.8851, 4410078.7015);{'etiqueta': 'RAMBLA ROVIRA'}
(739842.2464, 4395103.6318);(719690.2546, 4423991.0378);{'etiqueta': 'RIO CHICO O RAMBLA DE ALGIMIA'}
(739842.2464, 4395103.6318);(714277.6651, 4417591.1566);{'etiqueta': 'SIN NOMBRE'}
(739842.2464, 4395103.6318);(713065.1401, 4419003.6912);{'etiqueta': 'SIN NOMBRE'}
(739842.2464, 4395103.6318);(708990.1819, 4416978.7414);{'etiqueta': 'BARRANCO DE MATABURROS'}
(739842.2464, 4395103.6318);(701490.199, 4429890.9967);{'etiqueta': 'BARRANCO DE VAL DEL HURON'}
(739842.2464, 4395103.6318);(700290.1659, 4422578.5869);{'etiqueta': 'BARRANCO DE LA CHANA'}
(739842.2464, 4395103.6318);(697602.7042, 4417178.7766);{'etiqueta': 'BARRANCO DEL ARCO'}
(739842.2464, 4395103.6318);(693327.6811, 4419828.6595);{'etiqueta': 'RIO CANALES'}
(739842.2464, 4395103.6318);(688890.1909, 4418178.7567);{'etiqueta': 'BARRANCO DEL RESINERO'}
(739842.2464, 4395103.6318);(690027.7168, 4422816.0291);{'etiqueta': 'SIN NOMBRE'}
(739842.2464, 4395103.6318);(689177.7286, 4424653.4775);{'etiqueta': 'RAMBLA SECA'}
(739842.2464, 4395103.6318);(732140.1965, 4400653.7052);{'etiqueta': 'BARRANC DE BONILLES O BARRANC EL CANO'}
(739842.2464, 4395103.6318);(726340.2463, 4394166.2649);{'etiqueta': 'BARRANC DE MALADITXA'}
(739842.2464, 4395103.6318);(731627.6966, 4400891.2115);{'etiqueta': 'BARRANCO DE LA FUENTE DE RIVERA'}
(739842.2464, 4395103.6318);(724190.2541, 4395141.2749);{'etiqueta': 'BARRANC DE SEGART'}
(739842.2464, 4395103.6318);(727115.2062, 4401616.2593);{'etiqueta': 'BARRANC DE LES FOIES'}
(739842.2464, 4395103.6318);(724640.2924, 4402841.2736);{'etiqueta': 'BARRANC DEL TEIXIDO'}
(739842.2464, 4395103.6318);(728327.7216, 4405716.2435);{'etiqueta': 'BARRANC DEL ESTEPAR'}
(739842.2464, 4395103.6318);(727440.2387, 4406466.2468);{'etiqueta': 'SIN NOMBRE'}
(739842.2464, 4395103.6318);(727227.7447, 4407566.2376);{'etiqueta': 'SIN NOMBRE'}
(739842.2464, 4395103.6318);(721402.953, 4406866.2688);{'etiqueta': 'BARRANCO DEL CARRASQUILLO'}
(739842.2464, 4395103.6318);(717765.378, 4408978.7266);{'etiqueta': 'BARRANCO DE LA HOYA DE LA ALBAIDA'}
(739842.2464, 4395103.6318);(721952.8308, 4411891.209);{'etiqueta': 'BARRANCO HONDO O DEL POZO TORRES'}
(739842.2464, 4395103.6318);(723990.2524, 4419578.5729);{'etiqueta': 'RAMBLA DE ALMEDIJAR'}
(739842.2464, 4395103.6318);(718815.2917, 4415291.1205);{'etiqueta': 'BARRANCO DEL VALDEAVELLANOS'}
(739842.2464, 4395103.6318);(708402.6765, 4417541.2425);{'etiqueta': 'BARRANCO DE TADEO'}
(739842.2464, 4395103.6318);(706265.1823, 4417941.2384);{'etiqueta': 'BARRANCO DE LA CAPILLA'}
(739842.2464, 4395103.6318);(706240.1784, 4418266.2319);{'etiqueta': 'BARRANCO DEL CURA O DEL RABOSAL'}
(739842.2464, 4395103.6318);(707052.6708, 4419116.2134);{'etiqueta': 'BARRANCO DE LA MUELA'}
(739842.2464, 4395103.6318);(702365.1992, 4417841.2306);{'etiqueta': 'BARRANCO DE AGUAMALA'}
(739842.2464, 4395103.6318);(703215.1794, 4419366.182);{'etiqueta': 'SIN NOMBRE'}
(739842.2464, 4395103.6318);(704190.158, 4421503.6214);{'etiqueta': 'SIN NOMBRE'}
(739842.2464, 4395103.6318);(697390.1892, 4423016.087);{'etiqueta': 'BARRANCO HONDONERO O DEL REGAJO'}
(739842.2464, 4395103.6318);(700202.7354, 4415628.788);{'etiqueta': 'BARRANCO DE MEDILLA'}
(739842.2464, 4395103.6318);(698277.6931, 4420141.1835);{'etiqueta': 'BARRANCO DEL FRANCO'}
(739842.2464, 4395103.6318);(698815.2061, 4417416.2642);{'etiqueta': 'BARRANCO DE JALBE'}
(739842.2464, 4395103.6318);(696290.1881, 4418341.2371);{'etiqueta': 'SIN NOMBRE'}
(739842.2464, 4395103.6318);(697615.1935, 4420441.1738);{'etiqueta': 'SIN NOMBRE'}
(739842.2464, 4395103.6318);(695102.7016, 4423716.0228);{'etiqueta': 'BARRANCO DE LA NOGUERA'}
(739842.2464, 4395103.6318);(694940.1963, 4422203.579);{'etiqueta': 'BARRANCO DE LA SERRANILLA'}
(739842.2464, 4395103.6318);(692690.1959, 4421378.5906);{'etiqueta': 'SIN NOMBRE'}
(739842.2464, 4395103.6318);(727465.2253, 4395466.2578);{'etiqueta': 'BARRANC DEL XOCAINET'}
(739842.2464, 4395103.6318);(725527.73, 4398191.2731);{'etiqueta': 'BARRANC DE PUJOL'}
(739842.2464, 4395103.6318);(726565.2139, 4398541.2665);{'etiqueta': 'SIN NOMBRE'}
(739842.2464, 4395103.6318);(724177.8462, 4408741.2377);{'etiqueta': 'SIN NOMBRE'}
(739842.2464, 4395103.6318);(723052.8527, 4410191.2255);{'etiqueta': 'BARRANCO DEL ROMERO'}
(739842.2464, 4395103.6318);(720490.3997, 4408903.7388);{'etiqueta': 'BARRANCO DE SANTA LUCIA'}
(739842.2464, 4395103.6318);(706165.1674, 4420103.6811);{'etiqueta': 'SIN NOMBRE'}
(739842.2464, 4395103.6318);(702115.168, 4420778.6335);{'etiqueta': 'BARRANCO DE MUÑIÑIS'}
(739842.2464, 4395103.6318);(701065.2099, 4417266.2489);{'etiqueta': 'BARRANCO DE BENAJAS'}
(715202.8022, 4413328.649);(705740.3338, 4409466.3313);{'etiqueta': 'RAMBLA SECA O DE UÑOZ'}
(715202.8022, 4413328.649);(705640.3109, 4411966.2937);{'etiqueta': 'BARRANCO DEL CALARIZO'}
(715202.8022, 4413328.649);(701665.2671, 4414316.2872);{'etiqueta': 'BARRANCO DE PANTE'}
(715202.8022, 4413328.649);(698715.2473, 4414166.344);{'etiqueta': 'BARRANCO DE LA HERBASANA'}
(715202.8022, 4413328.649);(709415.2064, 4415503.7392);{'etiqueta': 'BARRANCO DEL HONDO O DE LOS CAPUCHINOS'}
(715202.8022, 4413328.649);(712290.2116, 4413453.6737);{'etiqueta': 'SIN NOMBRE'}
(715202.8022, 4413328.649);(709477.8367, 4408916.3063);{'etiqueta': 'BARRANC DEL PERAL'}
(715202.8022, 4413328.649);(709252.8206, 4409766.2942);{'etiqueta': 'BARRANC DEL RODENO'}
(715202.8022, 4413328.649);(709465.2325, 4414141.2393);{'etiqueta': 'SIN NOMBRE'}
(715202.8022, 4413328.649);(707277.7784, 4413066.2852);{'etiqueta': 'BARRANCO DEL PRINCIPE'}
(715202.8022, 4413328.649);(706265.2045, 4416878.7483);{'etiqueta': 'BARRANCO DEL COVARCHO'}
(715202.8022, 4413328.649);(703640.3265, 4411641.2957);{'etiqueta': 'BARRANCO DE MAGAÑA'}
(715202.8022, 4413328.649);(704015.2382, 4415778.7532);{'etiqueta': 'BARRANCO DEL ZORRO'}
(715202.8022, 4413328.649);(702990.3238, 4412091.2899);{'etiqueta': 'SIN NOMBRE'}
(715202.8022, 4413328.649);(700915.2604, 4414378.7998);{'etiqueta': 'BARRANCO DE ARGULLON'}
(715202.8022, 4413328.649);(702977.8319, 4411291.2991);{'etiqueta': 'SIN NOMBRE'}
(715202.8022, 4413328.649);(702440.3285, 4410803.8166);{'etiqueta': 'SIN NOMBRE'}
(715202.8022, 4413328.649);(706127.7273, 4415816.2579);{'etiqueta': 'BARRANCO DE LA PEDRERA'}
(717402.7345, 4425103.5396);(713794.3377, 4422115.4067);{}
(713794.3377, 4422115.4067);(711477.636, 4418653.7279);{}
(717402.7345, 4425103.5396);(720815.2716, 4424316.0326);{'etiqueta': 'SIN NOMBRE'}
(717402.7345, 4425103.5396);(717965.284, 4428516.0261);{'etiqueta': 'RAMBLA DE ARTEA'}
(707402.6541, 4422803.6238);(709956.8526, 4421099.863);{}
(709956.8526, 4421099.863);(711427.6367, 4418703.7269);{}
(707402.6541, 4422803.6238);(705102.6947, 4429841.0332);{'etiqueta': 'BARRANCO DE LAS CLOCHAS'}
(707402.6541, 4422803.6238);(703690.1603, 4426753.5232);{'etiqueta': 'BARRANCO DE LOS CEREZOS'}
(690865.2353, 4428090.9558);(694348.2018, 4425888.5101);{}
(694348.2018, 4425888.5101);(693177.7064, 4422853.5252);{}
(721927.8279, 4401503.7972);(724983.7674, 4400818.936);{}
(724983.7674, 4400818.936);(727427.7031, 4398753.7586);{}
(721927.8279, 4401503.7972);(717677.8218, 4400441.3361);{'etiqueta': 'BARRANC DE LA JARA'}
(718352.8737, 4405828.7871);(722162.3065, 4405437.726);{}
(722162.3065, 4405437.726);(726527.7557, 4405378.7552);{}
(718352.8737, 4405828.7871);(715552.8771, 4405678.7977);{'etiqueta': 'BARRANCO DOMINGUILLO'}
(718352.8737, 4405828.7871);(714040.3983, 4404103.8114);{'etiqueta': 'BARRANCO DE LA MINA'}
(718352.8737, 4405828.7871);(716765.3457, 4403178.8136);{'etiqueta': 'BARRANCO DE LA SEPULTURA'}
(728952.6909, 4414178.6747);(724904.685, 4412701.4066);{}
(724904.685, 4412701.4066);(724577.8471, 4407528.7494);{}
(728952.6909, 4414178.6747);(728877.6873, 4416241.1409);{'etiqueta': 'SIN NOMBRE'}
(717327.8851, 4410078.7015);(718646.9083, 4410874.6991);{}
(718646.9083, 4410874.6991);(719877.8703, 4411078.7019);{}
(717327.8851, 4410078.7015);(715477.8594, 4409228.7216);{'etiqueta': 'BARRANCO DE SATARRA'}
(717327.8851, 4410078.7015);(713940.3222, 4410341.1969);{'etiqueta': 'BARRANCO DE MARCHENA'}
(700415.2972, 4411878.8568);(708331.3954, 4414416.3268);{}
(708331.3954, 4414416.3268);(715202.8022, 4413328.649);{}
(716277.8242, 4413703.6374);(700415.2972, 4411878.8568);{'etiqueta': 'RAMBLA DE LA TORRECILLA MONTERO'}
(716277.8242, 4413703.6374);(711677.6968, 4414666.1998);{'etiqueta': 'BARRANCO DE SAN JULIAN'}
(711677.6968, 4414666.1998);(713328.5954, 4413894.0148);{}
(713328.5954, 4413894.0148);(715202.8022, 4413328.649);{}
(719690.2546, 4423991.0378);(717435.5839, 4420023.9265);{}
(717435.5839, 4420023.9265);(716027.7907, 4414503.6314);{}
(714277.6651, 4417591.1566);(713806.8356, 4417864.6299);{}
(713806.8356, 4417864.6299);(713402.6579, 4417378.6856);{}
(713065.1401, 4419003.6912);(712675.5495, 4418659.1978);{}
(712675.5495, 4418659.1978);(712477.629, 4418278.7252);{}
(714902.7836, 4429916.0439);(712018.1393, 4425834.2021);{}
(712018.1393, 4425834.2021);(712252.648, 4421153.68);{}
(711477.636, 4418653.7279);(714902.7836, 4429916.0439);{'etiqueta': 'BARRANCO DEL VILLAREJO O RAMBLA DE PEÑA ROYA'}
(711477.636, 4418653.7279);(714440.2308, 4426778.5682);{'etiqueta': 'BARRANCO PEDRO MIGUEL'}
(711477.636, 4418653.7279);(719665.2748, 4426466.026);{'etiqueta': 'BARRANCO DE ARGOTALLA'}
(711477.636, 4418653.7279);(718715.2796, 4427728.5253);{'etiqueta': 'RAMBLA DEL PERRUDO'}
(711477.636, 4418653.7279);(715515.1796, 4421053.5885);{'etiqueta': 'BARRANCO DE LAS CLOCHAS'}
(711477.636, 4418653.7279);(714415.1725, 4421553.6148);{'etiqueta': 'BARRANCO DEL RABOSERO'}
(711477.636, 4418653.7279);(712752.6644, 4422691.1406);{'etiqueta': 'SIN NOMBRE'}
(711477.636, 4418653.7279);(714540.1762, 4421891.1079);{'etiqueta': 'SIN NOMBRE'}
(711477.636, 4418653.7279);(716465.1923, 4421478.5594);{'etiqueta': 'BARRANCO DEL CAMINO DE LA VALL'}
(711477.636, 4418653.7279);(713790.1901, 4424591.0937);{'etiqueta': 'SIN NOMBRE'}
(711477.636, 4418653.7279);(718465.2401, 4424391.0385);{'etiqueta': 'BARRANCO DEL PILAR'}
(714440.2308, 4426778.5682);(715240.3345, 4425399.1356);{}
(715240.3345, 4425399.1356);(714627.6937, 4424103.5841);{}
(719665.2748, 4426466.026);(718897.2899, 4425308.861);{}
(718897.2899, 4425308.861);(717402.7345, 4425103.5396);{}
(718715.2796, 4427728.5253);(717949.8236, 4426585.1839);{}
(717949.8236, 4426585.1839);(717402.7345, 4425103.5396);{}
(708990.1819, 4416978.7414);(710473.5759, 4417499.7349);{}
(710473.5759, 4417499.7349);(711452.6364, 4418678.7274);{}
(708315.2043, 4429153.5663);(710030.7833, 4424974.0009);{}
(710030.7833, 4424974.0009);(710277.6523, 4420928.6806);{}
(711427.6367, 4418703.7269);(708315.2043, 4429153.5663);{'etiqueta': 'BARRANCO DE PILARES'}
(711427.6367, 4418703.7269);(705390.1449, 4423466.0781);{'etiqueta': 'BARRANCO DE DESPEÑAPERROS'}
(711427.6367, 4418703.7269);(704777.6572, 4426178.5407);{'etiqueta': 'BARRANCO DE LA FUENSANTA'}
(705390.1449, 4423466.0781);(706331.9935, 4423051.0583);{}
(706331.9935, 4423051.0583);(707402.6541, 4422803.6238);{}
(704777.6572, 4426178.5407);(706408.1608, 4424592.0375);{}
(706408.1608, 4424592.0375);(707402.6541, 4422803.6238);{}
(704777.6572, 4426178.5407);(705302.6799, 4428316.0411);{'etiqueta': 'BARRANCO DE LA VAQUERA'}
(704777.6572, 4426178.5407);(703602.6832, 4428891.0164);{'etiqueta': 'SIN NOMBRE'}
(704777.6572, 4426178.5407);(704015.1898, 4429466.0203);{'etiqueta': 'SIN NOMBRE'}
(701490.199, 4429890.9967);(702901.6342, 4426662.7697);{}
(702901.6342, 4426662.7697);(705577.6637, 4420778.6572);{}
(700290.1659, 4422578.5869);(701899.2477, 4422040.5959);{}
(701899.2477, 4422040.5959);(703152.6648, 4420778.6342);{}
(697602.7042, 4417178.7766);(697772.5219, 4417943.4822);{}
(697772.5219, 4417943.4822);(698177.6983, 4418628.733);{}
(697602.7042, 4417178.7766);(696265.188, 4417591.263);{'etiqueta': 'BARRANCO DEL COLLADO'}
(697602.7042, 4417178.7766);(695702.6866, 4415141.3418);{'etiqueta': 'BARRANCO DEL PELAYO'}
(697602.7042, 4417178.7766);(695565.182, 4417391.2683);{'etiqueta': 'SIN NOMBRE'}
(697602.7042, 4417178.7766);(697065.2161, 4414616.3503);{'etiqueta': 'SIN NOMBRE'}
(697602.7042, 4417178.7766);(693177.6301, 4413566.417);{'etiqueta': 'BARRANCO DE NAVAJO ROYO'}
(693327.6811, 4419828.6595);(694772.8345, 4419820.7133);{}
(694772.8345, 4419820.7133);(696727.6916, 4419603.6947);{}
(693327.6811, 4419828.6595);(692015.1841, 4419541.1763);{'etiqueta': 'SIN NOMBRE'}
(693327.6811, 4419828.6595);(689765.1897, 4418716.2259);{'etiqueta': 'BARRANCO DE LA MARINA'}
(693327.6811, 4419828.6595);(692540.1629, 4417241.2758);{'etiqueta': 'SIN NOMBRE'}
(693327.6811, 4419828.6595);(689465.1843, 4417666.2782);{'etiqueta': 'BARRANCO DE CUBILLO'}
(693327.6811, 4419828.6595);(690615.1821, 4418303.7409);{'etiqueta': 'BARRANCO DE LAS CINGLAS'}
(693327.6811, 4419828.6595);(691402.6595, 4415841.3438);{'etiqueta': 'SIN NOMBRE'}
(693327.6811, 4419828.6595);(690065.1648, 4415366.3782);{'etiqueta': 'SIN NOMBRE'}
(695515.1996, 4423891.0237);(695174.4499, 4424748.3597);{}
(695174.4499, 4424748.3597);(694377.7104, 4424678.4949);{}
(693177.7064, 4422853.5252);(695515.1996, 4423891.0237);{'etiqueta': 'SIN NOMBRE'}
(693177.7064, 4422853.5252);(696165.2192, 4428315.9888);{'etiqueta': 'RAMBLA DE OZDIÑA'}
(693177.7064, 4422853.5252);(687677.7493, 4427715.9776);{'etiqueta': 'BARRANCO DE LAS TENOSAS'}
(693177.7064, 4422853.5252);(685740.2834, 4428016.0241);{'etiqueta': 'RAMBLA DE ALCOTILLAS'}
(693177.7064, 4422853.5252);(691765.222, 4424678.474);{'etiqueta': 'SIN NOMBRE'}
(693177.7064, 4422853.5252);(694915.2041, 4424016.0096);{'etiqueta': 'SIN NOMBRE'}
(693177.7064, 4422853.5252);(693227.7177, 4424715.9752);{'etiqueta': 'SIN NOMBRE'}
(693177.7064, 4422853.5252);(691452.7237, 4424940.9729);{'etiqueta': 'SIN NOMBRE'}
(696165.2192, 4428315.9888);(695036.6814, 4427088.18);{}
(695036.6814, 4427088.18);(694527.716, 4426153.486);{}
(687677.7493, 4427715.9776);(690607.9089, 4427701.6447);{}
(690607.9089, 4427701.6447);(693802.7259, 4427653.4648);{}
(685740.2834, 4428016.0241);(688663.9439, 4428679.2159);{}
(688663.9439, 4428679.2159);(691402.7355, 4428478.4524);{}
(688890.1909, 4418178.7567);(690526.8826, 4420923.7948);{}
(690526.8826, 4420923.7948);(691952.7106, 4422853.5252);{}
(690027.7168, 4422816.0291);(689928.7057, 4423359.2143);{}
(689928.7057, 4423359.2143);(690102.7239, 4423903.4804);{}
(689177.7286, 4424653.4775);(689830.8392, 4424601.4367);{}
(689830.8392, 4424601.4367);(689752.7249, 4423903.4808);{}
(689177.7286, 4424653.4775);(684965.3039, 4424691.0839);{'etiqueta': 'BARRANCO DE LA CUEVA DEL AGUA'}
(689177.7286, 4424653.4775);(686940.2367, 4420391.1777);{'etiqueta': 'BARRANCO DEL SABUQUILLO'}
(689177.7286, 4424653.4775);(686990.2598, 4424891.0184);{'etiqueta': 'SIN NOMBRE'}
(732140.1965, 4400653.7052);(731392.6392, 4398460.6002);{}
(731392.6392, 4398460.6002);(732827.6241, 4396053.685);{}
(726340.2463, 4394166.2649);(728529.7387, 4394455.8665);{}
(728529.7387, 4394455.8665);(730552.6545, 4395503.7109);{}
(731627.6966, 4400891.2115);(730258.5638, 4398913.7121);{}
(730258.5638, 4398913.7121);(728677.696, 4397478.7414);{}
(724190.2541, 4395141.2749);(726207.0178, 4396499.3352);{}
(726207.0178, 4396499.3352);(728252.7003, 4397878.7475);{}
(722690.2676, 4398316.2922);(724163.4547, 4399155.9509);{}
(724163.4547, 4399155.9509);(725777.7176, 4399753.773);{}
(727427.7031, 4398753.7586);(722690.2676, 4398316.2922);{'etiqueta': 'BARRANC DE LINARES'}
(727427.7031, 4398753.7586);(723427.7654, 4400378.7907);{'etiqueta': 'BARRANC DEL PLA'}
(727427.7031, 4398753.7586);(719990.2972, 4399903.8209);{'etiqueta': 'BARRANC DE BANYET'}
(727427.7031, 4398753.7586);(719065.3384, 4402203.8119);{'etiqueta': 'BARRANC DEL MURTERAL'}
(727427.7031, 4398753.7586);(720552.8057, 4400541.3126);{'etiqueta': 'SIN NOMBRE'}
(727427.7031, 4398753.7586);(720140.3648, 4403191.2991);{'etiqueta': 'BARRANC DEL LLOP'}
(723427.7654, 4400378.7907);(724098.9498, 4400557.2018);{}
(724098.9498, 4400557.2018);(725052.7409, 4400778.777);{}
(723427.7654, 4400378.7907);(722602.7691, 4398566.2936);{'etiqueta': 'SIN NOMBRE'}
(723427.7654, 4400378.7907);(722265.2734, 4398491.2958);{'etiqueta': 'SIN NOMBRE'}
(723427.7654, 4400378.7907);(720865.2832, 4398491.3096);{'etiqueta': 'SIN NOMBRE'}
(719990.2972, 4399903.8209);(721350.3413, 4399953.1133);{}
(721350.3413, 4399953.1133);(722427.8044, 4400953.796);{}
(719065.3384, 4402203.8119);(720507.2976, 4401825.5489);{}
(720507.2976, 4401825.5489);(721927.8279, 4401503.7972);{}
(727115.2062, 4401616.2593);(728015.1288, 4401625.2669);{}
(728015.1288, 4401625.2669);(728727.6995, 4401153.7432);{}
(724640.2924, 4402841.2736);(725946.049, 4403008.8976);{}
(725946.049, 4403008.8976);(726952.7234, 4403553.7566);{}
(728327.7216, 4405716.2435);(727812.7744, 4405205.8936);{}
(727812.7744, 4405205.8936);(726977.733, 4404728.7539);{}
(722965.3838, 4404078.78);(723545.3275, 4404557.811);{}
(723545.3275, 4404557.811);(723652.8877, 4405328.7714);{}
(726527.7557, 4405378.7552);(722965.3838, 4404078.78);{'etiqueta': 'SIN NOMBRE'}
(726527.7557, 4405378.7552);(717527.8249, 4400966.3325);{'etiqueta': 'BARRANCO DE LA SABORITA O DE SABEROLA'}
(726527.7557, 4405378.7552);(715065.3718, 4402066.3216);{'etiqueta': 'BARRANCO DE AGUA AMARGA'}
(726527.7557, 4405378.7552);(716352.8487, 4402016.3227);{'etiqueta': 'BARRANCO DE LA SALADILLA'}
(726527.7557, 4405378.7552);(719915.4149, 4405716.284);{'etiqueta': 'SIN NOMBRE'}
(726527.7557, 4405378.7552);(716577.8624, 4406991.2694);{'etiqueta': 'BARRANCO DE PLUMER'}
(717527.8249, 4400966.3325);(719049.9676, 4403654.5467);{}
(719049.9676, 4403654.5467);(721452.9508, 4405553.7809);{}
(715065.3718, 4402066.3216);(716020.6405, 4404497.2933);{}
(716020.6405, 4404497.2933);(718352.8737, 4405828.7871);{}
(716352.8487, 4402016.3227);(716598.259, 4404093.4976);{}
(716598.259, 4404093.4976);(718352.8737, 4405828.7871);{}
(727440.2387, 4406466.2468);(726929.0937, 4406250.5965);{}
(726929.0937, 4406250.5965);(726327.7718, 4406053.7547);{}
(727227.7447, 4407566.2376);(726958.8282, 4406805.9757);{}
(726958.8282, 4406805.9757);(726077.7868, 4406378.7546);{}
(722515.2815, 4415916.1374);(723580.2694, 4414500.662);{}
(723580.2694, 4414500.662);(724927.7854, 4412928.6862);{}
(724577.8471, 4407528.7494);(722515.2815, 4415916.1374);{'etiqueta': 'RAMBLA DE ALMEDIJAR'}
(724577.8471, 4407528.7494);(726552.7569, 4415128.6433);{'etiqueta': 'BARRANCO DE LOS CASTILLEJOS'}
(724577.8471, 4407528.7494);(727340.2251, 4416978.6168);{'etiqueta': 'BARRANCO DE BELLOTA'}
(724577.8471, 4407528.7494);(731365.1193, 4416078.6624);{'etiqueta': 'BARRANCO DEL CARBON'}
(724577.8471, 4407528.7494);(726152.7772, 4410766.209);{'etiqueta': 'SIN NOMBRE'}
(724577.8471, 4407528.7494);(724190.2943, 4412666.1926);{'etiqueta': 'SIN NOMBRE'}
(724577.8471, 4407528.7494);(729315.1851, 4412228.7045);{'etiqueta': 'SIN NOMBRE'}
(724577.8471, 4407528.7494);(729927.6622, 4413191.1962);{'etiqueta': 'SIN NOMBRE'}
(724577.8471, 4407528.7494);(730940.13, 4414591.1809);{'etiqueta': 'SIN NOMBRE'}
(724577.8471, 4407528.7494);(731665.1122, 4415678.6735);{'etiqueta': 'BARRANCO DEL AJUEZ'}
(726552.7569, 4415128.6433);(725842.2668, 4414349.6653);{}
(725842.2668, 4414349.6653);(725102.7826, 4413103.6826);{}
(727340.2251, 4416978.6168);(728103.7666, 4414927.2087);{}
(728103.7666, 4414927.2087);(727077.7567, 4412753.6876);{}
(731365.1193, 4416078.6624);(729811.0784, 4415584.0135);{}
(729811.0784, 4415584.0135);(728952.6909, 4414178.6747);{}
(721402.953, 4406866.2688);(722168.2632, 4407428.2745);{}
(722168.2632, 4407428.2745);(722627.9137, 4408103.7513);{}
(717765.378, 4408978.7266);(719463.1847, 4408858.1392);{}
(719463.1847, 4408858.1392);(721352.9002, 4409228.7377);{}
(721952.8308, 4411891.209);(722248.2496, 4410912.4789);{}
(722248.2496, 4410912.4789);(720902.8725, 4410528.7178);{}
(723990.2524, 4419578.5729);(721507.3699, 4416429.4324);{}
(721507.3699, 4416429.4324);(720277.8669, 4411078.7051);{}
(718465.3832, 4409516.2194);(719250.7428, 4409924.2165);{}
(719250.7428, 4409924.2165);(719627.8766, 4410653.7067);{}
(719877.8703, 4411078.7019);(718465.3832, 4409516.2194);{'etiqueta': 'BARRANCO DEL MELON'}
(719877.8703, 4411078.7019);(716927.8685, 4408466.2361);{'etiqueta': 'BARRANCO DE REBOLL'}
(719877.8703, 4411078.7019);(712415.2755, 4410816.1861);{'etiqueta': 'BARRANCO DE CABRERA'}
(716927.8685, 4408466.2361);(716958.7535, 4409276.115);{}
(716958.7535, 4409276.115);(717327.8851, 4410078.7015);{}
(712415.2755, 4410816.1861);(715158.7283, 4410802.4158);{}
(715158.7283, 4410802.4158);(717327.8851, 4410078.7015);{}
(718815.2917, 4415291.1205);(718153.977, 4414173.1561);{}
(718153.977, 4414173.1561);(718477.8568, 4413078.6545);{}
(705740.3338, 4409466.3313);(707777.9219, 4410204.0234);{}
(707777.9219, 4410204.0234);(709402.7685, 4412353.7427);{}
(705640.3109, 4411966.2937);(707384.2973, 4412612.9902);{}
(707384.2973, 4412612.9902);(709327.7694, 4412353.7448);{}
(701665.2671, 4414316.2872);(703451.0238, 4414766.1196);{}
(703451.0238, 4414766.1196);(705027.7647, 4414303.7701);{}
(698715.2473, 4414166.344);(700389.8746, 4413701.1728);{}
(700389.8746, 4413701.1728);(701577.8046, 4412278.8203);{}
(709415.2064, 4415503.7392);(712206.5579, 4415392.027);{}
(712206.5579, 4415392.027);(714602.7812, 4413403.6532);{}
(714265.1588, 4419928.6375);(715057.5354, 4419139.971);{}
(715057.5354, 4419139.971);(716177.6703, 4418953.5797);{}
(716027.7907, 4414503.6314);(714265.1588, 4419928.6375);{'etiqueta': 'BARRANCO DE ZAGALORCA'}
(716027.7907, 4414503.6314);(716790.2034, 4422516.0479);{'etiqueta': 'SIN NOMBRE'}
(716027.7907, 4414503.6314);(723165.2616, 4421366.0531);{'etiqueta': 'RAMBLA DE ALMARCHE'}
(716027.7907, 4414503.6314);(720790.2682, 4423591.0392);{'etiqueta': 'BARRANCO DEL CAÑAR'}
(716027.7907, 4414503.6314);(716827.7291, 4416816.0835);{'etiqueta': 'BARRANCO DE ARQUILLO'}
(716027.7907, 4414503.6314);(717040.2165, 4417253.5708);{'etiqueta': 'SIN NOMBRE'}
(716027.7907, 4414503.6314);(717215.2022, 4417716.0647);{'etiqueta': 'BARRANCO DE MATUTA'}
(716027.7907, 4414503.6314);(717690.1925, 4419128.5558);{'etiqueta': 'SIN NOMBRE'}
(716027.7907, 4414503.6314);(715965.1831, 4420916.0762);{'etiqueta': 'SIN NOMBRE'}
(716027.7907, 4414503.6314);(716827.6908, 4420816.051);{'etiqueta': 'SIN NOMBRE'}
(716027.7907, 4414503.6314);(718252.7032, 4419216.0594);{'etiqueta': 'SIN NOMBRE'}
(716027.7907, 4414503.6314);(719990.2511, 4422466.0485);{'etiqueta': 'SIN NOMBRE'}
(716790.2034, 4422516.0479);(717625.5206, 4421798.7995);{}
(717625.5206, 4421798.7995);(717852.7064, 4420703.5523);{}
(723165.2616, 4421366.0531);(720850.7706, 4420908.7786);{}
(720850.7706, 4420908.7786);(718677.7211, 4420853.555);{}
(720790.2682, 4423591.0392);(719672.4318, 4422838.5365);{}
(719672.4318, 4422838.5365);(718802.7305, 4422053.5495);{}
(713677.641, 4418316.1789);(713647.6025, 4417900.2799);{}
(713647.6025, 4417900.2799);(713477.6567, 4417478.6835);{}
(713402.6579, 4417378.6856);(713677.641, 4418316.1789);{'etiqueta': 'SIN NOMBRE'}
(715515.1796, 4421053.5885);(714018.3351, 4420142.9618);{}
(714018.3351, 4420142.9618);(712327.6342, 4419178.7141);{}
(714415.1725, 4421553.6148);(713207.4512, 4421044.4904);{}
(713207.4512, 4421044.4904);(712352.642, 4420203.6944);{}
(714215.2094, 4425553.5798);(713165.5329, 4424688.851);{}
(713165.5329, 4424688.851);(712152.6648, 4423553.6382);{}
(712252.648, 4421153.68);(714215.2094, 4425553.5798);{'etiqueta': 'BARRANCO DEL PINARICO'}
(712252.648, 4421153.68);(710565.2296, 4429028.574);{'etiqueta': 'BARRANCO CASER'}
(712252.648, 4421153.68);(710990.2598, 4430716.0604);{'etiqueta': 'BARRANCO DE CHILELLAS'}
(712252.648, 4421153.68);(716277.7637, 4427866.0394);{'etiqueta': 'BARRANCO DE PAVIAS'}
(712252.648, 4421153.68);(713140.2056, 4425941.0927);{'etiqueta': 'SIN NOMBRE'}
(712252.648, 4421153.68);(710315.2049, 4427478.5857);{'etiqueta': 'BARRANCO COLLADO DE LA CRUZ'}
(712252.648, 4421153.68);(713002.7099, 4426291.0916);{'etiqueta': 'SIN NOMBRE'}
(712252.648, 4421153.68);(713915.2278, 4426891.0744);{'etiqueta': 'SIN NOMBRE'}
(712252.648, 4421153.68);(713915.2368, 4427453.5703);{'etiqueta': 'SIN NOMBRE'}
(712252.648, 4421153.68);(714690.2794, 4429753.5467);{'etiqueta': 'BARRANCO DE LA FUENTE'}
(712252.648, 4421153.68);(711665.2771, 4431328.5551);{'etiqueta': 'BARRANCO DEL PICAYO'}
(712252.648, 4421153.68);(712865.2841, 4431078.5504);{'etiqueta': 'BARRANC DE REGOLADERA'}
(712252.648, 4421153.68);(714127.7954, 4431266.0394);{'etiqueta': 'SIN NOMBRE'}
(712252.648, 4421153.68);(711665.188, 4425641.1095);{'etiqueta': 'SIN NOMBRE'}
(712252.648, 4421153.68);(713540.2195, 4426578.5818);{'etiqueta': 'SIN NOMBRE'}
(712252.648, 4421153.68);(712365.256, 4429453.57);{'etiqueta': 'BARRANCO DE LOYUELO'}
(710565.2296, 4429028.574);(711567.9481, 4427862.406);{}
(711567.9481, 4427862.406);(712452.717, 4427028.5922);{}
(710990.2598, 4430716.0604);(711875.1102, 4429223.7778);{}
(711875.1102, 4429223.7778);(712702.7323, 4427828.5817);{}
(716277.7637, 4427866.0394);(714674.5807, 4427921.2865);{}
(714674.5807, 4427921.2865);(713152.7466, 4428478.5709);{}
(712752.6644, 4422691.1406);(712582.5639, 4422265.7747);{}
(712582.5639, 4422265.7747);(712827.6585, 4421803.6532);{}
(714540.1762, 4421891.1079);(714080.5086, 4421710.3243);{}
(714080.5086, 4421710.3243);(713702.6687, 4422003.628);{}
(716465.1923, 4421478.5594);(715234.351, 4422181.2541);{}
(715234.351, 4422181.2541);(714302.6786, 4422528.607);{}
(713790.1901, 4424591.0937);(714174.644, 4424408.3937);{}
(714174.644, 4424408.3937);(714377.6897, 4423903.5907);{}
(714465.2071, 4425253.578);(714655.345, 4424857.2497);{}
(714655.345, 4424857.2497);(714777.6969, 4424328.5793);{}
(714627.6937, 4424103.5841);(714465.2071, 4425253.578);{'etiqueta': 'SIN NOMBRE'}
(714627.6937, 4424103.5841);(716640.2274, 4425216.0439);{'etiqueta': 'BARRANCO DE PARIEL'}
(714627.6937, 4424103.5841);(716140.2337, 4425953.5488);{'etiqueta': 'SIN NOMBRE'}
(716640.2274, 4425216.0439);(715782.2465, 4424738.4457);{}
(715782.2465, 4424738.4457);(715002.7001, 4424453.5744);{}
(716140.2337, 4425953.5488);(715703.9222, 4425781.32);{}
(715703.9222, 4425781.32);(715252.7219, 4425728.563);{}
(718465.2401, 4424391.0385);(717433.5998, 4423695.4832);{}
(717433.5998, 4423695.4832);(715802.7044, 4423953.5635);{}
(720815.2716, 4424316.0326);(719725.3694, 4424690.1003);{}
(719725.3694, 4424690.1003);(718952.7558, 4425328.5332);{}
(717965.284, 4428516.0261);(717015.1514, 4427201.3848);{}
(717015.1514, 4427201.3848);(717152.7436, 4425953.538);{}
(709940.1876, 4416178.7334);(710533.867, 4416726.1603);{}
(710533.867, 4416726.1603);(710627.6526, 4417653.734);{}
(711452.6364, 4418678.7274);(709940.1876, 4416178.7334);{'etiqueta': 'SIN NOMBRE'}
(711452.6364, 4418678.7274);(709740.183, 4416528.7359);{'etiqueta': 'SIN NOMBRE'}
(709740.183, 4416528.7359);(710398.7226, 4416817.09);{}
(710398.7226, 4416817.09);(710477.6569, 4417503.7338);{}
(708352.6682, 4425766.0864);(708908.469, 4423850.784);{}
(708908.469, 4423850.784);(710177.6577, 4422978.6377);{}
(710277.6523, 4420928.6806);(708352.6682, 4425766.0864);{'etiqueta': 'BARRANCO DE LA ALAMERA'}
(710277.6523, 4420928.6806);(710052.7105, 4428066.0799);{'etiqueta': 'BARRANCO DEL ESPINAR'}
(710277.6523, 4420928.6806);(710115.2332, 4429678.5674);{'etiqueta': 'SIN NOMBRE'}
(710052.7105, 4428066.0799);(710254.6498, 4425457.4212);{}
(710254.6498, 4425457.4212);(710502.6594, 4423378.6317);{}
(710115.2332, 4429678.5674);(710148.0292, 4429005.6578);{}
(710148.0292, 4429005.6578);(709652.7104, 4428378.5759);{}
(705102.6947, 4429841.0332);(704668.7237, 4427901.6239);{}
(704668.7237, 4427901.6239);(704777.6572, 4426178.5407);{}
(703690.1603, 4426753.5232);(704342.6993, 4426658.3565);{}
(704342.6993, 4426658.3565);(704777.6572, 4426178.5407);{}
(708402.6765, 4417541.2425);(709334.6144, 4418108.2796);{}
(709334.6144, 4418108.2796);(710352.6454, 4418328.7345);{}
(706265.1823, 4417941.2384);(707830.57, 4418073.7961);{}
(707830.57, 4418073.7961);(709102.6571, 4419003.7197);{}
(706240.1784, 4418266.2319);(707461.3057, 4418852.5284);{}
(707461.3057, 4418852.5284);(708602.6604, 4419353.7112);{}
(707052.6708, 4419116.2134);(707478.146, 4419302.558);{}
(707478.146, 4419302.558);(708002.664, 4419553.7056);{}
(703715.1708, 4427728.521);(703098.8237, 4427359.0228);{}
(703098.8237, 4427359.0228);(703177.6551, 4426403.5166);{}
(705577.6637, 4420778.6572);(703715.1708, 4427728.521);{'etiqueta': 'BARRANCO DE LA CERERA'}
(705577.6637, 4420778.6572);(702552.7012, 4430491.0002);{'etiqueta': 'BARRANCO DE POYATOS'}
(705577.6637, 4420778.6572);(700315.1852, 4427528.5106);{'etiqueta': 'SIN NOMBRE'}
(705577.6637, 4420778.6572);(700452.7114, 4430390.9923);{'etiqueta': 'BARRANCO DE MONTANERO'}
(702552.7012, 4430491.0002);(702293.1847, 4428919.805);{}
(702293.1847, 4428919.805);(702702.6592, 4426878.5087);{}
(700315.1852, 4427528.5106);(700792.2633, 4427747.8992);{}
(700792.2633, 4427747.8992);(701177.682, 4427978.5058);{}
(700452.7114, 4430390.9923);(700417.779, 4430158.6121);{}
(700417.779, 4430158.6121);(700477.7057, 4429903.4944);{}
(702365.1992, 4417841.2306);(704900.292, 4418123.1276);{}
(704900.292, 4418123.1276);(705452.6708, 4419778.6848);{}
(703215.1794, 4419366.182);(703930.6927, 4419460.1767);{}
(703930.6927, 4419460.1767);(704552.6724, 4419803.6774);{}
(704190.158, 4421503.6214);(704225.0079, 4420914.7641);{}
(704225.0079, 4420914.7641);(703902.668, 4420403.6534);{}
(702152.6358, 4423828.5272);(702598.5783, 4422461.0089);{}
(702598.5783, 4422461.0089);(703002.6606, 4421178.6192);{}
(703152.6648, 4420778.6342);(702152.6358, 4423828.5272);{'etiqueta': 'BARRANCO DE LAS RAMBLILLAS'}
(703152.6648, 4420778.6342);(700315.1624, 4423028.5715);{'etiqueta': 'SIN NOMBRE'}
(702152.6358, 4423828.5272);(699215.1816, 4425841.0299);{'etiqueta': 'SIN NOMBRE'}
(700315.1624, 4423028.5715);(700790.8065, 4422762.218);{}
(700790.8065, 4422762.218);(701252.6592, 4422353.5862);{}
(697390.1892, 4423016.087);(699581.153, 4421184.8005);{}
(699581.153, 4421184.8005);(702127.6759, 4420003.6602);{}
(700202.7354, 4415628.788);(699878.2148, 4417282.6906);{}
(699878.2148, 4417282.6906);(699352.6949, 4418778.7205);{}
(700202.7354, 4415628.788);(700327.7543, 4414491.3081);{'etiqueta': 'SIN NOMBRE'}
(698277.6931, 4420141.1835);(698710.0541, 4419481.7522);{}
(698710.0541, 4419481.7522);(699252.6953, 4418753.722);{}
(698815.2061, 4417416.2642);(698801.2514, 4418043.9501);{}
(698801.2514, 4418043.9501);(698902.6969, 4418578.73);{}
(694390.1658, 4416103.8131);(696123.5486, 4416667.3056);{}
(696123.5486, 4416667.3056);(697602.7042, 4417178.7766);{}
(698177.6983, 4418628.733);(694390.1658, 4416103.8131);{'etiqueta': 'BARRANCO DE VERGA'}
(698177.6983, 4418628.733);(695915.1935, 4413678.8879);{'etiqueta': 'BARRANCO DEL CALDERON'}
(695915.1935, 4413678.8879);(697182.5074, 4415220.2539);{}
(697182.5074, 4415220.2539);(697602.7042, 4417178.7766);{}
(696290.1881, 4418341.2371);(696954.7047, 4418848.8667);{}
(696954.7047, 4418848.8667);(697502.6954, 4419053.7183);{}
(697615.1935, 4420441.1738);(697426.303, 4419888.3071);{}
(697426.303, 4419888.3071);(697502.6948, 4419478.7043);{}
(694165.1706, 4417828.7499);(695452.382, 4418417.3321);{}
(695452.382, 4418417.3321);(696202.6895, 4419578.6918);{}
(696727.6916, 4419603.6947);(694165.1706, 4417828.7499);{'etiqueta': 'BARRANCO DE PINEL'}
(696727.6916, 4419603.6947);(692365.1439, 4414616.3849);{'etiqueta': 'BARRANCO DE LOS MACIANES O DE LA HOZ'}
(696727.6916, 4419603.6947);(689477.6714, 4415766.3658);{'etiqueta': 'BARRANCO DEL QUIÑON'}
(696727.6916, 4419603.6947);(692015.2007, 4421641.0804);{'etiqueta': 'BARRANCO DE LA MUELA'}
(692365.1439, 4414616.3849);(693396.7002, 4417281.2166);{}
(693396.7002, 4417281.2166);(694677.6849, 4419778.6726);{}
(689477.6714, 4415766.3658);(691738.0835, 4417890.3904);{}
(691738.0835, 4417890.3904);(693327.6811, 4419828.6595);{}
(692015.2007, 4421641.0804);(692693.0599, 4420713.6703);{}
(692693.0599, 4420713.6703);(693327.6811, 4419828.6595);{}
(695102.7016, 4423716.0228);(696200.6021, 4422368.8374);{}
(696200.6021, 4422368.8374);(696502.6915, 4420628.6567);{}
(694940.1963, 4422203.579);(695301.5751, 4421819.3709);{}
(695301.5751, 4421819.3709);(695427.692, 4421203.624);{}
(692690.1959, 4421378.5906);(693405.2839, 4421396.9109);{}
(693405.2839, 4421396.9109);(693877.6948, 4421578.5901);{}
(691765.222, 4424678.474);(692924.0134, 4424420.5176);{}
(692924.0134, 4424420.5176);(693827.7111, 4423978.4903);{}
(694915.2041, 4424016.0096);(694447.9152, 4424155.1896);{}
(694447.9152, 4424155.1896);(694002.7116, 4424378.4906);{}
(695702.7001, 4424266.0214);(695493.3185, 4424776.5501);{}
(695493.3185, 4424776.5501);(694927.7088, 4425053.5012);{}
(694377.7104, 4424678.4949);(695702.7001, 4424266.0214);{'etiqueta': 'SIN NOMBRE'}
(693227.7177, 4424715.9752);(693622.87, 4424980.0194);{}
(693622.87, 4424980.0194);(693902.7157, 4425253.4829);{}
(691452.7237, 4424940.9729);(692582.1922, 4424950.5135);{}
(692582.1922, 4424950.5135);(694077.7156, 4425478.4841);{}
(692377.7269, 4426565.9619);(692751.9268, 4427134.7557);{}
(692751.9268, 4427134.7557);(693302.7273, 4427453.4595);{}
(693802.7259, 4427653.4648);(692377.7269, 4426565.9619);{'etiqueta': 'SIN NOMBRE'}
(693802.7259, 4427653.4648);(689490.2336, 4426590.9668);{'etiqueta': 'SIN NOMBRE'}
(689490.2336, 4426590.9668);(690822.6906, 4427244.0563);{}
(690822.6906, 4427244.0563);(692452.729, 4427203.4579);{}
(684865.2946, 4429816.024);(686144.185, 4429662.1338);{}
(686144.185, 4429662.1338);(686677.7674, 4428653.4951);{}
(691402.7355, 4428478.4524);(684865.2946, 4429816.024);{'etiqueta': 'BARRANCO DEL HORCAJO'}
(690440.2143, 4422666.0357);(691008.0974, 4422719.9072);{}
(691008.0974, 4422719.9072);(691427.7103, 4422578.5385);{}
(691952.7106, 4422853.5252);(690440.2143, 4422666.0357);{'etiqueta': 'SIN NOMBRE'}
(691952.7106, 4422853.5252);(688615.2088, 4420803.6292);{'etiqueta': 'BARRANCO DE LOS TAJOS'}
(691952.7106, 4422853.5252);(686640.2316, 4418891.2469);{'etiqueta': 'BARRANCO DE LA UMBRIA'}
(688615.2088, 4420803.6292);(689464.8515, 4421332.0528);{}
(689464.8515, 4421332.0528);(690502.7034, 4421178.6057);{}
(686640.2316, 4418891.2469);(687897.5057, 4419388.0444);{}
(687897.5057, 4419388.0444);(689202.6947, 4419028.7136);{}
(686890.2624, 4425866.0133);(688888.9931, 4425857.3729);{}
(688888.9931, 4425857.3729);(689677.7279, 4424828.4759);{}
(689752.7249, 4423903.4808);(686890.2624, 4425866.0133);{'etiqueta': 'RAMBLA DE LAS MARICAS'}
(689752.7249, 4423903.4808);(688302.7242, 4422953.5253);{'etiqueta': 'BARRANCO DE LA MUSA'}
(689752.7249, 4423903.4808);(687090.2572, 4424141.0214);{'etiqueta': 'BARRANCO POLO'}
(688302.7242, 4422953.5253);(688823.4539, 4423816.9432);{}
(688823.4539, 4423816.9432);(689177.7286, 4424653.4775);{}
(688302.7242, 4422953.5253);(685940.2636, 4421228.6634);{'etiqueta': 'SIN NOMBRE'}
(688302.7242, 4422953.5253);(685227.7774, 4421091.1846);{'etiqueta': 'BARRANCO DE LA SIDRA'}
(688302.7242, 4422953.5253);(684665.3045, 4422753.6393);{'etiqueta': 'BARRANCO FRANCHO'}
(687090.2572, 4424141.0214);(688107.5517, 4424818.9493);{}
(688107.5517, 4424818.9493);(689177.7286, 4424653.4775);{}
(732640.1755, 4399028.6951);(732006.5784, 4398881.3501);{}
(732006.5784, 4398881.3501);(731452.6746, 4398578.7067);{}
(732827.6241, 4396053.685);(732640.1755, 4399028.6951);{'etiqueta': 'SIN NOMBRE'}
(729165.2241, 4392441.209);(728742.4554, 4393317.047);{}
(728742.4554, 4393317.047);(728427.7065, 4394303.7423);{}
(730552.6545, 4395503.7109);(729165.2241, 4392441.209);{'etiqueta': 'BARRANCO BALAU'}
(730552.6545, 4395503.7109);(728190.2487, 4392753.7241);{'etiqueta': 'BARRANCO DE LA VIDRIERA'}
(730552.6545, 4395503.7109);(726140.2416, 4395078.7665);{'etiqueta': 'BARRANC DE SANT ESPERIT'}
(728190.2487, 4392753.7241);(727663.1924, 4393262.7879);{}
(727663.1924, 4393262.7879);(728177.7139, 4394253.7463);{}
(726140.2416, 4395078.7665);(727104.86, 4394857.8107);{}
(727104.86, 4394857.8107);(727802.7238, 4394403.7524);{}
(727465.2253, 4395466.2578);(728622.6647, 4395356.2171);{}
(728622.6647, 4395356.2171);(729577.6792, 4396103.7267);{}
(727340.2255, 4395791.2597);(726852.8148, 4396145.1707);{}
(726852.8148, 4396145.1707);(727102.7215, 4396778.7628);{}
(728252.7003, 4397878.7475);(727340.2255, 4395791.2597);{'etiqueta': 'SIN NOMBRE'}
(728252.7003, 4397878.7475);(726402.7389, 4395241.2655);{'etiqueta': 'SIN NOMBRE'}
(728252.7003, 4397878.7475);(724265.2491, 4397141.2791);{'etiqueta': 'SIN NOMBRE'}
(728252.7003, 4397878.7475);(724365.25, 4396328.7768);{'etiqueta': 'BARRANC DE LA FONT'}
(728252.7003, 4397878.7475);(725740.2455, 4394816.2679);{'etiqueta': 'SIN NOMBRE'}
(726402.7389, 4395241.2655);(726241.4758, 4395965.2289);{}
(726241.4758, 4395965.2289);(726602.7273, 4396653.7654);{}
(724265.2491, 4397141.2791);(725061.5382, 4397030.5435);{}
(725061.5382, 4397030.5435);(725677.7378, 4396378.77);{}
(724365.25, 4396328.7768);(724927.3927, 4396105.8347);{}
(724927.3927, 4396105.8347);(725352.7439, 4395678.7707);{}
(725527.73, 4398191.2731);(726594.6994, 4397961.4425);{}
(726594.6994, 4397961.4425);(727727.7039, 4398228.7547);{}
(726565.2139, 4398541.2665);(727031.9094, 4398161.5274);{}
(727031.9094, 4398161.5274);(727652.7039, 4398353.7557);{}
(724627.7435, 4397641.2779);(725193.8597, 4398630.6421);{}
(725193.8597, 4398630.6421);(725352.7251, 4399653.7762);{}
(725777.7176, 4399753.773);(724627.7435, 4397641.2779);{'etiqueta': 'SIN NOMBRE'}
(725777.7176, 4399753.773);(723940.251, 4398091.2833);{'etiqueta': 'SIN NOMBRE'}
(723940.251, 4398091.2833);(724507.8031, 4398560.4645);{}
(724507.8031, 4398560.4645);(724527.7398, 4399253.7817);{}
(722140.2735, 4398128.7958);(721854.1165, 4399512.1845);{}
(721854.1165, 4399512.1845);(723427.7654, 4400378.7907);{}
(725052.7409, 4400778.777);(722140.2735, 4398128.7958);{'etiqueta': 'BARRANC DEL CASTELL'}
(725052.7409, 4400778.777);(722915.2649, 4399441.2942);{'etiqueta': 'BARRANC DEL PALMERAL'}
(722915.2649, 4399441.2942);(723330.8314, 4399789.3415);{}
(723330.8314, 4399789.3415);(723427.7654, 4400378.7907);{}
(719715.296, 4399253.8222);(720317.7353, 4399153.4495);{}
(720317.7353, 4399153.4495);(720727.7887, 4399528.8134);{}
(722427.8044, 4400953.796);(719715.296, 4399253.8222);{'etiqueta': 'SIN NOMBRE'}
(720552.8057, 4400541.3126);(721339.1007, 4400783.8871);{}
(721339.1007, 4400783.8871);(722152.8133, 4401078.7975);{}
(720140.3648, 4403191.2991);(721175.4924, 4402494.1551);{}
(721175.4924, 4402494.1551);(721927.8279, 4401503.7972);{}
(717677.8218, 4400441.3361);(719373.3985, 4400868.6546);{}
(719373.3985, 4400868.6546);(721027.831, 4401603.803);{}
(724440.3191, 4403791.2719);(724819.0923, 4403316.6698);{}
(724819.0923, 4403316.6698);(725202.7751, 4402903.7697);{}
(726952.7234, 4403553.7566);(724440.3191, 4403791.2719);{'etiqueta': 'BARRANCO DE LA MURTA'}
(727615.2362, 4406691.2439);(727787.6937, 4406033.7271);{}
(727787.6937, 4406033.7271);(727802.7261, 4405203.7474);{}
(726977.733, 4404728.7539);(727615.2362, 4406691.2439);{'etiqueta': 'BARRANC DE LA COSTERA'}
(719015.3748, 4404691.2938);(719872.1414, 4405005.6718);{}
(719872.1414, 4405005.6718);(720627.9131, 4404903.7868);{}
(721452.9508, 4405553.7809);(719015.3748, 4404691.2938);{'etiqueta': 'BARRANCO DEL CORONEL'}
(721452.9508, 4405553.7809);(718727.836, 4402141.3145);{'etiqueta': 'BARRANCO DE CUEVAS CALIENTES'}
(721452.9508, 4405553.7809);(716415.3502, 4402703.8175);{'etiqueta': 'BARRANCO DEL MONTE'}
(721452.9508, 4405553.7809);(718002.8271, 4401416.3251);{'etiqueta': 'SIN NOMBRE'}
(718727.836, 4402141.3145);(719181.7121, 4402952.4631);{}
(719181.7121, 4402952.4631);(719652.8677, 4403628.7987);{}
(716415.3502, 4402703.8175);(716983.4565, 4402740.4955);{}
(716983.4565, 4402740.4955);(717377.8333, 4402778.8167);{}
(718002.8271, 4401416.3251);(717785.2186, 4402001.1066);{}
(717785.2186, 4402001.1066);(717427.8322, 4402703.8173);{}
(719915.4149, 4405716.284);(720183.3015, 4405801.0796);{}
(720183.3015, 4405801.0796);(720377.9325, 4405928.7816);{}
(716577.8624, 4406991.2694);(717908.3017, 4406726.3467);{}
(717908.3017, 4406726.3467);(719227.9007, 4406578.7746);{}
(715552.8771, 4405678.7977);(716520.8038, 4406100.0774);{}
(716520.8038, 4406100.0774);(717527.8493, 4405653.7905);{}
(715552.8771, 4405678.7977);(713865.4062, 4405253.8065);{'etiqueta': 'SIN NOMBRE'}
(714040.3983, 4404103.8114);(714950.7511, 4404108.6886);{}
(714950.7511, 4404108.6886);(715977.8647, 4404453.805);{}
(716765.3457, 4403178.8136);(717419.5474, 4403953.2575);{}
(717419.5474, 4403953.2575);(717877.8509, 4404678.7979);{}
(726152.7772, 4410766.209);(725975.2498, 4410178.5449);{}
(725975.2498, 4410178.5449);(725277.8017, 4409803.722);{}
(724190.2943, 4412666.1926);(724547.3916, 4412424.8969);{}
(724547.3916, 4412424.8969);(725052.7872, 4412528.6931);{}
(722490.2988, 4413953.6731);(723156.5331, 4413930.1404);{}
(723156.5331, 4413930.1404);(723827.7894, 4413703.6747);{}
(724927.7854, 4412928.6862);(722490.2988, 4413953.6731);{'etiqueta': 'SIN NOMBRE'}
(724927.7854, 4412928.6862);(722015.2864, 4415766.1411);{'etiqueta': 'BARRANCO DE BOGUERA'}
(724927.7854, 4412928.6862);(725765.2492, 4417266.1067);{'etiqueta': 'BARRANCO DE FALAGUERA O RAMBLA DE ALMEDIJAR'}
(722015.2864, 4415766.1411);(722383.8016, 4414748.2103);{}
(722383.8016, 4414748.2103);(723477.7856, 4414553.6601);{}
(725765.2492, 4417266.1067);(724017.8861, 4417178.5099);{}
(724017.8861, 4417178.5099);(722802.7844, 4415328.6475);{}
(724527.7622, 4416566.1216);(724677.8724, 4415076.9068);{}
(724677.8724, 4415076.9068);(725177.7777, 4413703.6717);{}
(725102.7826, 4413103.6826);(724527.7622, 4416566.1216);{'etiqueta': 'BARRANCO DE LOS POZOS'}
(725102.7826, 4413103.6826);(726390.2647, 4414078.6623);{'etiqueta': 'BARRANCO DE MENDA'}
(725102.7826, 4413103.6826);(726990.2364, 4416591.1207);{'etiqueta': 'BARRANCO DE BELLOTA'}
(725102.7826, 4413103.6826);(726827.7359, 4417391.1056);{'etiqueta': 'BARRANCO DE PARTUNES'}
(726390.2647, 4414078.6623);(725974.6783, 4414023.171);{}
(725974.6783, 4414023.171);(725377.7744, 4413928.6672);{}
(726990.2364, 4416591.1207);(726772.7411, 4415771.8713);{}
(726772.7411, 4415771.8713);(726552.7569, 4415128.6433);{}
(726827.7359, 4417391.1056);(726379.6829, 4416309.4446);{}
(726379.6829, 4416309.4446);(726552.7569, 4415128.6433);{}
(727640.2234, 4415716.1405);(727476.0572, 4414958.8937);{}
(727476.0572, 4414958.8937);(727652.7297, 4414353.6636);{}
(727077.7567, 4412753.6876);(727640.2234, 4415716.1405);{'etiqueta': 'BARRANCO DE LOGROÑO'}
(729315.1851, 4412228.7045);(728246.371, 4412499.8046);{}
(728246.371, 4412499.8046);(727452.7441, 4412803.6888);{}
(729927.6622, 4413191.1962);(729341.2686, 4413309.5594);{}
(729341.2686, 4413309.5594);(728677.7024, 4413253.6881);{}
(730940.13, 4414591.1809);(729957.5273, 4414113.3005);{}
(729957.5273, 4414113.3005);(728927.6922, 4413978.6778);{}
(731665.1122, 4415678.6735);(730286.315, 4415190.211);{}
(730286.315, 4415190.211);(728952.6909, 4414178.6747);{}
(728877.6873, 4416241.1409);(729356.9052, 4415926.5016);{}
(729356.9052, 4415926.5016);(729727.6651, 4415478.6592);{}
(724177.8462, 4408741.2377);(724277.209, 4408131.7858);{}
(724277.209, 4408131.7858);(723802.8734, 4407878.7489);{}
(723052.8527, 4410191.2255);(722996.7846, 4409302.2171);{}
(722996.7846, 4409302.2171);(723352.8811, 4408378.7452);{}
(719902.9059, 4407841.2536);(721007.3122, 4407529.4699);{}
(721007.3122, 4407529.4699);(722302.9434, 4407453.7604);{}
(722627.9137, 4408103.7513);(719902.9059, 4407841.2536);{'etiqueta': 'BARRANCO JUNCAR'}
(720490.3997, 4408903.7388);(720880.1942, 4409023.2023);{}
(720880.1942, 4409023.2023);(721402.9034, 4409103.7396);{}
(722265.3031, 4413691.1784);(722278.7611, 4412712.418);{}
(722278.7611, 4412712.418);(722202.8333, 4411678.7108);{}
(720902.8725, 4410528.7178);(722265.3031, 4413691.1784);{'etiqueta': 'BARRANCO DEL PUERCO'}
(721327.8053, 4414216.1643);(720557.6518, 4413619.4434);{}
(720557.6518, 4413619.4434);(719527.8382, 4413303.6617);{}
(720277.8669, 4411078.7051);(721327.8053, 4414216.1643);{'etiqueta': 'SIN NOMBRE'}
(720277.8669, 4411078.7051);(722215.2823, 4416066.1352);{'etiqueta': 'BARRANCO CARCHAN'}
(720277.8669, 4411078.7051);(718790.2392, 4417241.0871);{'etiqueta': 'BARRANCO LAROY'}
(720277.8669, 4411078.7051);(723665.2534, 4419091.0803);{'etiqueta': 'BARRANCO MEDIO'}
(720277.8669, 4411078.7051);(720952.7496, 4418716.083);{'etiqueta': 'BARRANCO FOLQUIA'}
(720277.8669, 4411078.7051);(723990.2512, 4418953.5813);{'etiqueta': 'SIN NOMBRE'}
(722215.2823, 4416066.1352);(721123.1992, 4415652.2366);{}
(721123.1992, 4415652.2366);(720177.7911, 4415353.6328);{}
(718790.2392, 4417241.0871);(719767.7439, 4416708.6937);{}
(719767.7439, 4416708.6937);(720177.7883, 4415503.6302);{}
(723665.2534, 4419091.0803);(722975.6817, 4418281.2406);{}
(722975.6817, 4418281.2406);(722527.77, 4417228.6135);{}
(715477.8594, 4409228.7216);(716197.8886, 4409542.8874);{}
(716197.8886, 4409542.8874);(716927.8807, 4410128.6999);{}
(715477.8594, 4409228.7216);(712340.3511, 4408441.2492);{'etiqueta': 'BARRANCO DE LA MOCHA'}
(715477.8594, 4409228.7216);(711815.3405, 4408766.2534);{'etiqueta': 'SIN NOMBRE'}
(715477.8594, 4409228.7216);(710590.309, 4410028.7538);{'etiqueta': 'BARRANC DEL CUERVO'}
(715477.8594, 4409228.7216);(714102.895, 4406466.2898);{'etiqueta': 'SIN NOMBRE'}
(715477.8594, 4409228.7216);(713165.4078, 4406441.2937);{'etiqueta': 'SIN NOMBRE'}
(713940.3222, 4410341.1969);(714340.3683, 4410740.8612);{}
(714340.3683, 4410740.8612);(714752.8333, 4410853.6845);{}
(718277.7077, 4418091.068);(718420.6588, 4415881.8038);{}
(718420.6588, 4415881.8038);(718102.8415, 4413703.6401);{}
(718477.8568, 4413078.6545);(718277.7077, 4418091.068);{'etiqueta': 'BARRANCO DE LA ALMUNIA'}
(712290.2116, 4413453.6737);(712753.9579, 4413250.9479);{}
(712753.9579, 4413250.9479);(713152.7449, 4412953.6611);{}
(709477.8367, 4408916.3063);(710205.7856, 4410858.3982);{}
(710205.7856, 4410858.3982);(711752.7434, 4412078.6733);{}
(709252.8206, 4409766.2942);(709834.1424, 4411626.1665);{}
(709834.1424, 4411626.1665);(711252.7387, 4412678.6926);{}
(709465.2325, 4414141.2393);(709758.0904, 4413495.3081);{}
(709758.0904, 4413495.3081);(710627.7395, 4413053.7111);{}
(705002.8233, 4411016.3063);(706157.6171, 4410788.8071);{}
(706157.6171, 4410788.8071);(707702.8134, 4410828.8146);{}
(709402.7685, 4412353.7427);(705002.8233, 4411016.3063);{'etiqueta': 'BARRANC CALERO O DE LA FONT DE MANYES'}
(709402.7685, 4412353.7427);(706252.8253, 4410241.3212);{'etiqueta': 'BARRANC DE BEJES'}
(709402.7685, 4412353.7427);(709715.3465, 4408441.3107);{'etiqueta': 'BARRANC DEL PASO'}
(709402.7685, 4412353.7427);(707202.8626, 4406816.3817);{'etiqueta': 'SIN NOMBRE'}
(709402.7685, 4412353.7427);(708777.8153, 4410191.2979);{'etiqueta': 'BARRANC DEL RINCON DE FRIAS'}
(709402.7685, 4412353.7427);(708990.3267, 4409491.3065);{'etiqueta': 'SIN NOMBRE'}
(709402.7685, 4412353.7427);(709227.8383, 4408841.314);{'etiqueta': 'SIN NOMBRE'}
(706252.8253, 4410241.3212);(706987.1184, 4410154.3335);{}
(706987.1184, 4410154.3335);(707777.823, 4410053.8269);{}
(709715.3465, 4408441.3107);(708574.136, 4408103.2355);{}
(708574.136, 4408103.2355);(707427.84, 4408753.8503);{}
(707202.8626, 4406816.3817);(707014.0844, 4407808.4435);{}
(707014.0844, 4407808.4435);(706977.8417, 4408603.8506);{}
(705240.3163, 4411728.7964);(707050.5399, 4411776.391);{}
(707050.5399, 4411776.391);(708477.7849, 4412128.7699);{}
(709327.7694, 4412353.7448);(705240.3163, 4411728.7964);{'etiqueta': 'BARRANC DE LA PEÑARRUBIA'}
(709327.7694, 4412353.7448);(706565.3059, 4411941.2947);{'etiqueta': 'SIN NOMBRE'}
(709327.7694, 4412353.7448);(705815.3104, 4411941.2941);{'etiqueta': 'SIN NOMBRE'}
(706565.3059, 4411941.2947);(707157.7696, 4412229.1608);{}
(707157.7696, 4412229.1608);(707827.7881, 4412378.7865);{}
(705815.3104, 4411941.2941);(706449.2134, 4412255.9714);{}
(706449.2134, 4412255.9714);(707127.7909, 4412503.7901);{}
(707277.7784, 4413066.2852);(707739.8082, 4413483.7146);{}
(707739.8082, 4413483.7146);(708627.7557, 4413478.7589);{}
(706265.2045, 4416878.7483);(706971.4426, 4415901.0742);{}
(706971.4426, 4415901.0742);(707627.7394, 4414853.7688);{}
(703640.3265, 4411641.2957);(704847.039, 4412931.041);{}
(704847.039, 4412931.041);(706327.7615, 4414128.7741);{}
(704015.2382, 4415778.7532);(704339.877, 4415066.2825);{}
(704339.877, 4415066.2825);(705177.7565, 4414653.7669);{}
(702515.2565, 4415128.7618);(703252.6843, 4415128.5871);{}
(703252.6843, 4415128.5871);(703902.7598, 4414803.7629);{}
(705027.7647, 4414303.7701);(702515.2565, 4415128.7618);{'etiqueta': 'SIN NOMBRE'}
(705027.7647, 4414303.7701);(702640.2729, 4414391.2685);{'etiqueta': 'SIN NOMBRE'}
(702640.2729, 4414391.2685);(703340.3695, 4414347.3996);{}
(703340.3695, 4414347.3996);(703827.7618, 4414728.7635);{}
(702990.3238, 4412091.2899);(702875.044, 4412750.0378);{}
(702875.044, 4412750.0378);(702877.7973, 4413328.7766);{}
(700915.2604, 4414378.7998);(701671.7591, 4413626.1472);{}
(701671.7591, 4413626.1472);(702477.7943, 4413303.785);{}
(702977.8319, 4411291.2991);(702661.0365, 4412195.6906);{}
(702661.0365, 4412195.6906);(702427.8, 4413003.7899);{}
(700127.7875, 4412266.3563);(700666.9367, 4412369.1988);{}
(700666.9367, 4412369.1988);(701052.79, 4412753.8251);{}
(701577.8046, 4412278.8203);(700127.7875, 4412266.3563);{'etiqueta': 'SIN NOMBRE'}
(702440.3285, 4410803.8166);(701830.3484, 4410983.8844);{}
(701830.3484, 4410983.8844);(701327.8112, 4411678.8357);{}
(709790.1975, 4415753.7344);(710577.6987, 4415779.5238);{}
(710577.6987, 4415779.5238);(711102.6883, 4415478.7159);{}
(714602.7812, 4413403.6532);(709790.1975, 4415753.7344);{'etiqueta': 'SIN NOMBRE'}
(714602.7812, 4413403.6532);(710015.1984, 4415578.7312);{'etiqueta': 'SIN NOMBRE'}
(710015.1984, 4415578.7312);(710555.6647, 4415561.6853);{}
(710555.6647, 4415561.6853);(711027.6896, 4415453.7167);{}
(716827.7291, 4416816.0835);(716437.303, 4416117.1587);{}
(716437.303, 4416117.1587);(716202.763, 4415478.6175);{}
(717040.2165, 4417253.5708);(716450.2363, 4417410.4766);{}
(716450.2363, 4417410.4766);(715752.6948, 4417303.6095);{}
(717215.2022, 4417716.0647);(716857.5114, 4418368.4217);{}
(716857.5114, 4418368.4217);(715952.6636, 4418353.5914);{}
(715077.6731, 4420766.1036);(715091.7788, 4419923.1436);{}
(715091.7788, 4419923.1436);(715427.665, 4419228.6048);{}
(716177.6703, 4418953.5797);(715077.6731, 4420766.1036);{'etiqueta': 'BARRANCO DEL SALVADOR'}
(717690.1925, 4419128.5558);(716939.3486, 4418933.1377);{}
(716939.3486, 4418933.1377);(716177.6707, 4419003.5794);{}
(715965.1831, 4420916.0762);(716181.8459, 4420245.9512);{}
(716181.8459, 4420245.9512);(716477.6776, 4419528.5664);{}
(716827.6908, 4420816.051);(716743.5326, 4420141.0159);{}
(716743.5326, 4420141.0159);(716702.68, 4419553.5586);{}
(718252.7032, 4419216.0594);(717912.1173, 4419698.4941);{}
(717912.1173, 4419698.4941);(717452.6948, 4420028.5522);{}
(717965.2199, 4422403.5471);(718061.8655, 4421845.153);{}
(718061.8655, 4421845.153);(717777.7092, 4421278.5503);{}
(717852.7064, 4420703.5523);(717965.2199, 4422403.5471);{'etiqueta': 'SIN NOMBRE'}
(721815.2659, 4419528.5805);(719967.7917, 4419307.9457);{}
(719967.7917, 4419307.9457);(718902.7246, 4420803.5561);{}
(718677.7211, 4420853.555);(721815.2659, 4419528.5805);{'etiqueta': 'BARRANCO DE RODANA'}
(718677.7211, 4420853.555);(720990.2653, 4422216.0517);{'etiqueta': 'BARRANCO DE FRANCISCO'}
(718677.7211, 4420853.555);(720915.2655, 4422541.0487);{'etiqueta': 'BARRANCO DE LAS TORTUGAS'}
(718677.7211, 4420853.555);(724015.2526, 4419791.0699);{'etiqueta': 'BARRANCO DEL AGUA NEGRA'}
(718677.7211, 4420853.555);(719652.744, 4422091.0507);{'etiqueta': 'BARRANCO DEL PUENTECICO'}
(718677.7211, 4420853.555);(720665.2612, 4422416.0495);{'etiqueta': 'BARRANCO DE LA ROCHA'}
(718677.7211, 4420853.555);(721127.7579, 4419916.0734);{'etiqueta': 'SIN NOMBRE'}
(720990.2653, 4422216.0517);(720676.457, 4421512.2038);{}
(720676.457, 4421512.2038);(720152.7472, 4421178.5584);{}
(720915.2655, 4422541.0487);(721354.076, 4421778.636);{}
(721354.076, 4421778.636);(721077.7613, 4420928.5639);{}
(724015.2526, 4419791.0699);(722713.481, 4420312.2545);{}
(722713.481, 4420312.2545);(721952.7692, 4420978.5642);{}
(719990.2511, 4422466.0485);(719347.5252, 4422417.4306);{}
(719347.5252, 4422417.4306);(718827.7302, 4421928.5502);{}
(713140.2056, 4425941.0927);(712555.4599, 4425909.4289);{}
(712555.4599, 4425909.4289);(712027.6917, 4425728.611);{}
(710315.2049, 4427478.5857);(711360.6258, 4426936.8993);{}
(711360.6258, 4426936.8993);(711927.7005, 4426303.6049);{}
(713002.7099, 4426291.0916);(712722.3462, 4426646.4023);{}
(712722.3462, 4426646.4023);(712227.7043, 4426378.6016);{}
(713915.2278, 4426891.0744);(713200.6137, 4427108.6887);{}
(713200.6137, 4427108.6887);(712477.7164, 4426978.5924);{}
(710265.218, 4428453.5776);(710915.1959, 4428017.3883);{}
(710915.1959, 4428017.3883);(711602.7212, 4427753.5893);{}
(712452.717, 4427028.5922);(710265.218, 4428453.5776);{'etiqueta': 'SIN NOMBRE'}
(713915.2368, 4427453.5703);(713316.1216, 4427474.9339);{}
(713316.1216, 4427474.9339);(712777.7252, 4427353.5851);{}
(709890.2371, 4430178.563);(710974.2664, 4429995.9126);{}
(710974.2664, 4429995.9126);(711852.7491, 4429303.5754);{}
(712702.7323, 4427828.5817);(709890.2371, 4430178.563);{'etiqueta': 'BARRANCO DE LAS NOGUERAS'}
(714752.7739, 4429366.0485);(714390.1638, 4428912.0101);{}
(714390.1638, 4428912.0101);(714002.751, 4428303.5631);{}
(713152.7466, 4428478.5709);(714752.7739, 4429366.0485);{'etiqueta': 'BARRANCO DEL VALL'}
(713152.7466, 4428478.5709);(714865.2668, 4428853.5504);{'etiqueta': 'BARRANCO DEL HORCAJO'}
(713152.7466, 4428478.5709);(714215.2337, 4427091.0691);{'etiqueta': 'SIN NOMBRE'}
(713152.7466, 4428478.5709);(716040.2653, 4428103.5413);{'etiqueta': 'SIN NOMBRE'}
(714865.2668, 4428853.5504);(714636.5756, 4428523.8515);{}
(714636.5756, 4428523.8515);(714352.7508, 4428103.5606);{}
(714215.2337, 4427091.0691);(714240.7619, 4427546.9309);{}
(714240.7619, 4427546.9309);(714527.7507, 4428003.5592);{}
(716040.2653, 4428103.5413);(715472.6924, 4427994.155);{}
(715472.6924, 4427994.155);(715152.7511, 4427678.5538);{}
(714690.2794, 4429753.5467);(714080.1718, 4429193.4254);{}
(714080.1718, 4429193.4254);(713127.75, 4428703.5693);{}
(711665.2771, 4431328.5551);(712401.4439, 4430344.7616);{}
(712401.4439, 4430344.7616);(713277.7601, 4429253.5633);{}
(712865.2841, 4431078.5504);(713617.9708, 4430883.9053);{}
(713617.9708, 4430883.9053);(713902.7786, 4430103.5512);{}
(714127.7954, 4431266.0394);(714212.4642, 4430791.1431);{}
(714212.4642, 4430791.1431);(714152.7834, 4430278.5479);{}
(716115.1997, 4422916.0623);(715497.6418, 4422918.1793);{}
(715497.6418, 4422918.1793);(714827.6829, 4422403.5958);{}
(714302.6786, 4422528.607);(716115.1997, 4422916.0623);{'etiqueta': 'SIN NOMBRE'}
(717327.7144, 4422966.0453);(716818.7902, 4423342.5456);{}
(716818.7902, 4423342.5456);(716402.7095, 4423828.5526);{}
(715802.7044, 4423953.5635);(717327.7144, 4422966.0453);{'etiqueta': 'SIN NOMBRE'}
(716340.2697, 4428228.5374);(716831.8059, 4428185.6352);{}
(716831.8059, 4428185.6352);(717177.7691, 4427753.5324);{}
(717152.7436, 4425953.538);(716340.2697, 4428228.5374);{'etiqueta': 'SIN NOMBRE'}
(717152.7436, 4425953.538);(718615.28, 4427828.5254);{'etiqueta': 'BARRANCO DE LA ROCHA'}
(718615.28, 4427828.5254);(718036.7521, 4427886.5515);{}
(718036.7521, 4427886.5515);(717427.7728, 4427903.5308);{}
(707415.1917, 4428978.5646);(708901.319, 4426218.9687);{}
(708901.319, 4426218.9687);(710027.658, 4423203.632);{}
(710177.6577, 4422978.6377);(707415.1917, 4428978.5646);{'etiqueta': 'BARRANCO DEL JALMERO'}
(710177.6577, 4422978.6377);(706377.6915, 4429366.0516);{'etiqueta': 'BARRANCO DE JUESAR'}
(706377.6915, 4429366.0516);(706953.7334, 4426229.4569);{}
(706953.7334, 4426229.4569);(708802.6551, 4423953.6067);{}
(711402.6875, 4425716.107);(711180.3821, 4425018.9221);{}
(711180.3821, 4425018.9221);(710802.6647, 4424403.6139);{}
(710502.6594, 4423378.6317);(711402.6875, 4425716.107);{'etiqueta': 'SIN NOMBRE'}
(710502.6594, 4423378.6317);(709552.6939, 4427166.0843);{'etiqueta': 'SIN NOMBRE'}
(709552.6939, 4427166.0843);(709925.5522, 4426448.2221);{}
(709925.5522, 4426448.2221);(710252.6807, 4425753.599);{}
(709577.7252, 4429591.0668);(709759.8274, 4429056.1111);{}
(709759.8274, 4429056.1111);(709927.7157, 4428553.5756);{}
(709652.7104, 4428378.5759);(709577.7252, 4429591.0668);{'etiqueta': 'SIN NOMBRE'}
(705302.6799, 4428316.0411);(705214.3181, 4427458.8273);{}
(705214.3181, 4427458.8273);(704727.6627, 4426728.5382);{}
(703602.6832, 4428891.0164);(703990.5271, 4428581.2223);{}
(703990.5271, 4428581.2223);(704552.6782, 4428278.531);{}
(704015.1898, 4429466.0203);(704282.7642, 4429030.8172);{}
(704282.7642, 4429030.8172);(704702.6803, 4428453.5325);{}
(706165.1674, 4420103.6811);(706689.7593, 4420048.5313);{}
(706689.7593, 4420048.5313);(707177.6655, 4420153.6878);{}
(701165.1968, 4429453.4982);(701989.8082, 4428686.5117);{}
(701989.8082, 4428686.5117);(702477.6675, 4427653.5039);{}
(702702.6592, 4426878.5087);(701165.1968, 4429453.4982);{'etiqueta': 'BARRANCO DE CARLOS'}
(705227.7083, 4416916.245);(705052.35, 4417542.9045);{}
(705052.35, 4417542.9045);(705052.6839, 4418203.7288);{}
(705452.6708, 4419778.6848);(705227.7083, 4416916.245);{'etiqueta': 'BARRANCO DE LAS CALMAS'}
(705452.6708, 4419778.6848);(702915.2385, 4416003.7482);{'etiqueta': 'BARRANCO DE BALADRAR'}
(702915.2385, 4416003.7482);(704001.701, 4416905.6585);{}
(704001.701, 4416905.6585);(704852.6858, 4418078.7318);{}
(699715.1634, 4424266.0403);(700922.6583, 4423563.368);{}
(700922.6583, 4423563.368);(702427.6452, 4422703.564);{}
(703002.6606, 4421178.6192);(699715.1634, 4424266.0403);{'etiqueta': 'BARRANCO DEL ESPINO'}
(703002.6606, 4421178.6192);(702190.1484, 4425666.0109);{'etiqueta': 'BARRANCO DEL RAGUDO'}
(703002.6606, 4421178.6192);(699090.184, 4425978.5293);{'etiqueta': 'BARRANCO DE ZALON'}
(703002.6606, 4421178.6192);(700390.1659, 4425466.025);{'etiqueta': 'BARRANCO DE LA HOYA DEL AGUA'}
(702190.1484, 4425666.0109);(702453.6933, 4424624.9543);{}
(702453.6933, 4424624.9543);(702277.6366, 4423628.533);{}
(699090.184, 4425978.5293);(700168.8919, 4424628.7641);{}
(700168.8919, 4424628.7641);(702152.6358, 4423828.5272);{}
(700390.1659, 4425466.025);(701492.0124, 4424937.4893);{}
(701492.0124, 4424937.4893);(702152.6358, 4423828.5272);{}
(702115.168, 4420778.6335);(702423.3922, 4420756.7577);{}
(702423.3922, 4420756.7577);(702952.6659, 4420678.6357);{}
(699040.1881, 4420378.6701);(700000.0555, 4420021.6663);{}
(700000.0555, 4420021.6663);(700827.6799, 4420228.6619);{}
(702127.6759, 4420003.6602);(699040.1881, 4420378.6701);{'etiqueta': 'BARRANCO DE LAS CAÑADAS'}
(702127.6759, 4420003.6602);(697690.1891, 4422541.107);{'etiqueta': 'BARRANCO DEL CANTALAR'}
(702127.6759, 4420003.6602);(698252.6912, 4420716.1651);{'etiqueta': 'BARRANCO DEL SAPERO'}
(702127.6759, 4420003.6602);(698540.1854, 4421766.1287);{'etiqueta': 'SIN NOMBRE'}
(697690.1891, 4422541.107);(698780.4398, 4422360.1942);{}
(698780.4398, 4422360.1942);(699727.6794, 4421228.6367);{}
(698252.6912, 4420716.1651);(698782.2793, 4420975.1739);{}
(698782.2793, 4420975.1739);(699552.6808, 4421178.6398);{}
(698540.1854, 4421766.1287);(698939.562, 4421591.0102);{}
(698939.562, 4421591.0102);(699277.682, 4421303.6378);{}
(701065.2099, 4417266.2489);(701435.997, 4418150.4469);{}
(701435.997, 4418150.4469);(701827.6884, 4418853.702);{}
(697715.2399, 4413541.3755);(698110.228, 4415196.0659);{}
(698110.228, 4415196.0659);(700027.7268, 4416128.7804);{}
(699352.6949, 4418778.7205);(697715.2399, 4413541.3755);{'etiqueta': 'BARRANC DE PEDREGOS'}
(699352.6949, 4418778.7205);(699165.2399, 4414966.3173);{'etiqueta': 'BARRANC ESCURO'}
(699352.6949, 4418778.7205);(699415.2445, 4414741.3184);{'etiqueta': 'BARRANC MAS DE MAÑES'}
(699165.2399, 4414966.3173);(699622.5879, 4415219.6296);{}
(699622.5879, 4415219.6296);(700202.7354, 4415628.788);{}
(699415.2445, 4414741.3184);(700164.9051, 4415108.0646);{}
(700164.9051, 4415108.0646);(700202.7354, 4415628.788);{}
(696265.188, 4417591.263);(696932.2099, 4417450.5807);{}
(696932.2099, 4417450.5807);(697502.7035, 4417128.7779);{}
(695702.6866, 4415141.3418);(696722.6526, 4415765.3401);{}
(696722.6526, 4415765.3401);(697177.7007, 4417028.7806);{}
(695565.182, 4417391.2683);(695954.422, 4417028.3094);{}
(695954.422, 4417028.3094);(696477.693, 4416953.7827);{}
(697065.2161, 4414616.3503);(697583.925, 4414913.4551);{}
(697583.925, 4414913.4551);(697477.7187, 4415353.8271);{}
(693177.6301, 4413566.417);(694365.6606, 4414634.1039);{}
(694365.6606, 4414634.1039);(696227.6989, 4414428.8616);{}
(693952.6586, 4415966.3191);(693720.685, 4416475.6003);{}
(693720.685, 4416475.6003);(693352.6585, 4417078.7771);{}
(694677.6849, 4419778.6726);(693952.6586, 4415966.3191);{'etiqueta': 'SIN NOMBRE'}
(692015.1841, 4419541.1763);(692506.9707, 4419692.9383);{}
(692506.9707, 4419692.9383);(692827.6786, 4419378.68);{}
(689765.1897, 4418716.2259);(691249.8385, 4419246.6585);{}
(691249.8385, 4419246.6585);(692277.6784, 4419003.6996);{}
(692540.1629, 4417241.2758);(692628.3563, 4417948.9942);{}
(692628.3563, 4417948.9942);(692402.6739, 4418528.7205);{}
(689465.1843, 4417666.2782);(690508.4351, 4417481.2849);{}
(690508.4351, 4417481.2849);(691527.6721, 4417653.7656);{}
(689465.2165, 4422491.0453);(689929.0199, 4422102.7442);{}
(689929.0199, 4422102.7442);(689902.7084, 4421553.5895);{}
(690502.7034, 4421178.6057);(689465.2165, 4422491.0453);{'etiqueta': 'SIN NOMBRE'}
(690502.7034, 4421178.6057);(688752.7164, 4422091.0658);{'etiqueta': 'SIN NOMBRE'}
(690502.7034, 4421178.6057);(687090.2289, 4419716.2048);{'etiqueta': 'BARRANCO DE LA ALMARJA'}
(688752.7164, 4422091.0658);(689048.0216, 4421563.5182);{}
(689048.0216, 4421563.5182);(689527.7089, 4421403.5976);{}
(687090.2289, 4419716.2048);(688301.309, 4420032.431);{}
(688301.309, 4420032.431);(689027.7067, 4420753.6304);{}
(687315.2533, 4425428.5041);(688206.8629, 4425135.7321);{}
(688206.8629, 4425135.7321);(689052.7316, 4425578.4729);{}
(689677.7279, 4424828.4759);(687315.2533, 4425428.5041);{'etiqueta': 'SIN NOMBRE'}
(689677.7279, 4424828.4759);(687040.2591, 4425541.0115);{'etiqueta': 'SIN NOMBRE'}
(689677.7279, 4424828.4759);(684965.2966, 4428091.0425);{'etiqueta': 'BARRANCO DEL POZO YUSTE'}
(687040.2591, 4425541.0115);(687925.0905, 4425578.2531);{}
(687925.0905, 4425578.2531);(688077.739, 4426228.4762);{}
(684965.2966, 4428091.0425);(686702.2962, 4427326.897);{}
(686702.2962, 4427326.897);(687327.7539, 4426278.4973);{}
(684965.3039, 4424691.0839);(686264.9177, 4423635.9032);{}
(686264.9177, 4423635.9032);(688302.7242, 4422953.5253);{}
(686940.2367, 4420391.1777);(687748.3774, 4421555.3184);{}
(687748.3774, 4421555.3184);(688302.7242, 4422953.5253);{}
(686990.2598, 4424891.0184);(687466.168, 4425075.3982);{}
(687466.168, 4425075.3982);(688052.7367, 4424803.4857);{}
(725590.2483, 4394428.7679);(726426.2147, 4394599.6975);{}
(726426.2147, 4394599.6975);(726902.7384, 4394878.7632);{}
(727802.7238, 4394403.7524);(725590.2483, 4394428.7679);{'etiqueta': 'BARRANC DE XOCAINER'}
(725740.2455, 4394816.2679);(725698.272, 4395276.9162);{}
(725698.272, 4395276.9162);(725552.7418, 4395803.7699);{}
(722602.7691, 4398566.2936);(722267.0623, 4399283.4141);{}
(722267.0623, 4399283.4141);(722402.7738, 4399928.7997);{}
(722265.2734, 4398491.2958);(722050.0847, 4399098.069);{}
(722050.0847, 4399098.069);(722027.7775, 4399553.8017);{}
(720865.2832, 4398491.3096);(721104.3926, 4398995.4081);{}
(721104.3926, 4398995.4081);(721702.779, 4399078.8032);{}
(719740.3053, 4400241.3211);(720033.0825, 4400731.6169);{}
(720033.0825, 4400731.6169);(720352.8246, 4401328.8093);{}
(721027.831, 4401603.803);(719740.3053, 4400241.3211);{'etiqueta': 'SIN NOMBRE'}
(721027.831, 4401603.803);(719415.304, 4400003.8254);{'etiqueta': 'SIN NOMBRE'}
(719415.304, 4400003.8254);(719213.5639, 4400358.6533);{}
(719213.5639, 4400358.6533);(719277.8167, 4400753.8211);{}
(717840.3357, 4402703.8151);(718632.2916, 4403103.1984);{}
(718632.2916, 4403103.1984);(719252.8565, 4403278.803);{}
(719652.8677, 4403628.7987);(717840.3357, 4402703.8151);{'etiqueta': 'SIN NOMBRE'}
(714027.9003, 4404541.3094);(715012.5393, 4404853.6693);{}
(715012.5393, 4404853.6693);(715552.8771, 4405678.7977);{}
(717527.8493, 4405653.7905);(714027.9003, 4404541.3094);{'etiqueta': 'BARRANCO DE EMBUENA'}
(717527.8493, 4405653.7905);(713015.4245, 4405903.8072);{'etiqueta': 'BARRANCO DEL REBOLLOSO'}
(713015.4245, 4405903.8072);(714415.8802, 4405695.2181);{}
(714415.8802, 4405695.2181);(715552.8771, 4405678.7977);{}
(724252.7652, 4416416.1249);(723944.7745, 4416737.7691);{}
(723944.7745, 4416737.7691);(723502.7685, 4416653.6221);{}
(722802.7844, 4415328.6475);(724252.7652, 4416416.1249);{'etiqueta': 'SIN NOMBRE'}
(722802.7844, 4415328.6475);(725715.2472, 4417616.1006);{'etiqueta': 'SIN NOMBRE'}
(725715.2472, 4417616.1006);(725249.5456, 4417261.2949);{}
(725249.5456, 4417261.2949);(724877.7569, 4416978.6136);{}
(725677.7607, 4415591.1369);(725459.9043, 4414725.6969);{}
(725459.9043, 4414725.6969);(725102.776, 4414028.666);{}
(725177.7777, 4413703.6717);(725677.7607, 4415591.1369);{'etiqueta': 'SIN NOMBRE'}
(725177.7777, 4413703.6717);(725452.7579, 4416266.1252);{'etiqueta': 'BARRANCO DE BILLEM'}
(725177.7777, 4413703.6717);(723852.7713, 4415991.1333);{'etiqueta': 'SIN NOMBRE'}
(725452.7579, 4416266.1252);(725024.3713, 4415208.6085);{}
(725024.3713, 4415208.6085);(724852.776, 4414328.6613);{}
(723852.7713, 4415991.1333);(724105.5512, 4415286.0395);{}
(724105.5512, 4415286.0395);(724602.7747, 4414778.6537);{}
(720515.2426, 4418341.0837);(720390.9019, 4417466.4548);{}
(720390.9019, 4417466.4548);(719902.7656, 4416603.6084);{}
(720177.7883, 4415503.6302);(720515.2426, 4418341.0837);{'etiqueta': 'BARRANCO DE LAJAS'}
(720177.7883, 4415503.6302);(720190.2352, 4418653.5772);{'etiqueta': 'SIN NOMBRE'}
(720177.7883, 4415503.6302);(718915.2151, 4419216.0641);{'etiqueta': 'BARRANCO BALSILLAS'}
(720190.2352, 4418653.5772);(719806.3622, 4417959.3125);{}
(719806.3622, 4417959.3125);(719602.7533, 4417053.5978);{}
(718915.2151, 4419216.0641);(719075.1276, 4418383.1769);{}
(719075.1276, 4418383.1769);(719277.7385, 4417528.5866);{}
(720952.7496, 4418716.083);(721231.1935, 4417734.7597);{}
(721231.1935, 4417734.7597);(721602.78, 4416503.6263);{}
(721740.2643, 4418853.5879);(722178.4723, 4418098.4549);{}
(722178.4723, 4418098.4549);(722552.7669, 4417578.6071);{}
(722527.77, 4417228.6135);(721740.2643, 4418853.5879);{'etiqueta': 'SIN NOMBRE'}
(722527.77, 4417228.6135);(722440.2612, 4419241.0818);{'etiqueta': 'SIN NOMBRE'}
(722440.2612, 4419241.0818);(722704.1708, 4418774.1553);{}
(722704.1708, 4418774.1553);(722927.7579, 4418378.5919);{}
(723990.2512, 4418953.5813);(724574.0988, 4418833.5828);{}
(724574.0988, 4418833.5828);(724727.7482, 4418328.5896);{}
(710490.3378, 4408853.7831);(712622.2834, 4409576.4755);{}
(712622.2834, 4409576.4755);(715477.8594, 4409228.7216);{}
(716927.8807, 4410128.6999);(710490.3378, 4408853.7831);{'etiqueta': 'BARRANC DE CERVERA'}
(716927.8807, 4410128.6999);(712052.876, 4407591.2772);{'etiqueta': 'BARRANCO DEL AGUILA'}
(712052.876, 4407591.2772);(714256.9921, 4407461.0976);{}
(714256.9921, 4407461.0976);(715477.8594, 4409228.7216);{}
(711852.767, 4411241.1908);(711651.5699, 4411530.2068);{}
(711651.5699, 4411530.2068);(711427.7558, 4411778.6895);{}
(711752.7434, 4412078.6733);(711852.767, 4411241.1908);{'etiqueta': 'BARRANC DEL POZUELO'}
(708777.8153, 4410191.2979);(708418.3387, 4410617.7327);{}
(708418.3387, 4410617.7327);(708027.8077, 4411028.8019);{}
(708990.3267, 4409491.3065);(708277.8497, 4409553.8773);{}
(708277.8497, 4409553.8773);(707702.8295, 4409578.8373);{}
(709227.8383, 4408841.314);(708427.6816, 4408728.5211);{}
(708427.6816, 4408728.5211);(707652.8362, 4409053.8462);{}
(707540.3597, 4407153.8784);(707500.9099, 4407751.9409);{}
(707500.9099, 4407751.9409);(707952.8485, 4408128.8582);{}
(707427.84, 4408753.8503);(707540.3597, 4407153.8784);{'etiqueta': 'SIN NOMBRE'}
(706127.7273, 4415816.2579);(706723.0527, 4415107.1102);{}
(706723.0527, 4415107.1102);(707552.7422, 4414753.7706);{}
(705215.3102, 4412116.2918);(705311.4964, 4412666.4276);{}
(705311.4964, 4412666.4276);(705252.7874, 4413178.7815);{}
(706327.7615, 4414128.7741);(705215.3102, 4412116.2918);{'etiqueta': 'SIN NOMBRE'}
(706327.7615, 4414128.7741);(704240.3143, 4412191.2901);{'etiqueta': 'BARRANCO DEL HONTANAR'}
(704240.3143, 4412191.2901);(704415.1855, 4412512.6692);{}
(704415.1855, 4412512.6692);(704627.7989, 4412803.7844);{}
(718927.7165, 4419416.0632);(719042.9087, 4420023.5269);{}
(719042.9087, 4420023.5269);(719152.7277, 4420628.5581);{}
(718902.7246, 4420803.5561);(718927.7165, 4419416.0632);{'etiqueta': 'SIN NOMBRE'}
(718902.7246, 4420803.5561);(720452.7464, 4419966.0691);{'etiqueta': 'SIN NOMBRE'}
(720452.7464, 4419966.0691);(720248.0543, 4419524.2331);{}
(720248.0543, 4419524.2331);(719902.734, 4419428.5696);{}
(719652.744, 4422091.0507);(719379.8593, 4421628.7493);{}
(719379.8593, 4421628.7493);(719202.7317, 4421178.5552);{}
(720665.2612, 4422416.0495);(720108.8924, 4421901.2479);{}
(720108.8924, 4421901.2479);(719802.7419, 4421253.5567);{}
(721127.7579, 4419916.0734);(720838.8818, 4420337.6312);{}
(720838.8818, 4420337.6312);(720552.7518, 4420753.5632);{}
(721690.2677, 4419903.5769);(722046.2801, 4420206.2651);{}
(722046.2801, 4420206.2651);(722302.7659, 4420678.5658);{}
(721952.7692, 4420978.5642);(721690.2677, 4419903.5769);{'etiqueta': 'BARRANCO MALO'}
(711665.188, 4425641.1095);(711873.5259, 4425264.1655);{}
(711873.5259, 4425264.1655);(712152.678, 4424828.6183);{}
(713540.2195, 4426578.5818);(713131.5838, 4426780.3076);{}
(713131.5838, 4426780.3076);(712502.7158, 4426928.5925);{}
(715515.2686, 4428616.0448);(715109.6333, 4428408.3001);{}
(715109.6333, 4428408.3001);(714577.7559, 4428303.5567);{}
(714352.7508, 4428103.5606);(715515.2686, 4428616.0448);{'etiqueta': 'SIN NOMBRE'}
(712365.256, 4429453.57);(712764.3226, 4429226.662);{}
(712764.3226, 4429226.662);(713077.7528, 4428903.5681);{}
(705465.1849, 4428803.5416);(705850.4645, 4428396.0313);{}
(705850.4645, 4428396.0313);(705952.6771, 4427903.5516);{}
(708802.6551, 4423953.6067);(705465.1849, 4428803.5416);{'etiqueta': 'SIN NOMBRE'}
(708802.6551, 4423953.6067);(707140.1895, 4429041.0631);{'etiqueta': 'SIN NOMBRE'}
(707140.1895, 4429041.0631);(706722.7277, 4428525.3258);{}
(706722.7277, 4428525.3258);(706027.6779, 4427978.5523);{}
(704277.72, 4416566.2459);(704422.6183, 4416915.4816);{}
(704422.6183, 4416915.4816);(704352.705, 4417253.7392);{}
(704852.6858, 4418078.7318);(704277.72, 4416566.2459);{'etiqueta': 'BARRANCO DE LA CECILIA'}
(704852.6858, 4418078.7318);(701190.2118, 4417166.2495);{'etiqueta': 'BARRANCO DE JUAN LAZARO'}
(704852.6858, 4418078.7318);(701840.2465, 4415441.2679);{'etiqueta': 'BARRANCO DE LA DEGÜELLA'}
(701190.2118, 4417166.2495);(701999.2534, 4416598.7004);{}
(701999.2534, 4416598.7004);(703477.7169, 4416878.7405);{}
(701840.2465, 4415441.2679);(702413.7743, 4416208.0702);{}
(702413.7743, 4416208.0702);(703127.7261, 4416528.7432);{}
(699215.1816, 4425841.0299);(699511.6278, 4425316.3055);{}
(699511.6278, 4425316.3055);(699927.6664, 4424928.5328);{}
(698140.1835, 4423253.5839);(699147.084, 4422919.4862);{}
(699147.084, 4422919.4862);(699327.6794, 4421728.6234);{}
(699727.6794, 4421228.6367);(698140.1835, 4423253.5839);{'etiqueta': 'BARRANCO DE AGUAMALA'}
(698052.7505, 4413366.377);(698028.6325, 4413785.9018);{}
(698028.6325, 4413785.9018);(697902.7357, 4414453.8492);{}
(700027.7268, 4416128.7804);(698052.7505, 4413366.377);{'etiqueta': 'SIN NOMBRE'}
(700027.7268, 4416128.7804);(695865.1948, 4411891.4467);{'etiqueta': 'BARRANCO DEL CARRASCAL'}
(695865.1948, 4411891.4467);(696699.6239, 4412741.7047);{}
(696699.6239, 4412741.7047);(697502.7312, 4413928.8667);{}
(700327.7543, 4414491.3081);(700418.1555, 4414980.9403);{}
(700418.1555, 4414980.9403);(700402.7404, 4415378.79);{}
(693940.1571, 4415741.3276);(695166.3075, 4415607.3894);{}
(695166.3075, 4415607.3894);(695977.6908, 4415553.8273);{}
(697177.7007, 4417028.7806);(693940.1571, 4415741.3276);{'etiqueta': 'BARRANCO HONDO'}
(693515.1305, 4413191.4278);(694737.9647, 4413344.887);{}
(694737.9647, 4413344.887);(695852.6909, 4414303.8682);{}
(696227.6989, 4414428.8616);(693515.1305, 4413191.4278);{'etiqueta': 'BARRANCO DE LA BELLIDA'}
(696227.6989, 4414428.8616);(693615.1495, 4415403.8415);{'etiqueta': 'SIN NOMBRE'}
(693615.1495, 4415403.8415);(694123.226, 4415138.5778);{}
(694123.226, 4415138.5778);(694577.6639, 4414678.8637);{}
(690415.1851, 4418566.2296);(690957.0173, 4418757.4554);{}
(690957.0173, 4418757.4554);(691502.6823, 4418978.7046);{}
(692277.6784, 4419003.6996);(690415.1851, 4418566.2296);{'etiqueta': 'SIN NOMBRE'}
(690615.1821, 4418303.7409);(691206.6811, 4418015.8513);{}
(691206.6811, 4418015.8513);(691802.6724, 4417903.7525);{}
(691402.6595, 4415841.3438);(691282.0152, 4416301.8293);{}
(691282.0152, 4416301.8293);(691202.6685, 4416903.8);{}
(690065.1648, 4415366.3782);(690280.8528, 4415847.7936);{}
(690280.8528, 4415847.7936);(690502.6688, 4416328.8309);{}
(685390.2943, 4424866.0685);(686195.9564, 4425904.0205);{}
(686195.9564, 4425904.0205);(687252.7556, 4426453.4981);{}
(687327.7539, 4426278.4973);(685390.2943, 4424866.0685);{'etiqueta': 'SIN NOMBRE'}
(687327.7539, 4426278.4973);(684827.8038, 4425966.0722);{'etiqueta': 'SIN NOMBRE'}
(684827.8038, 4425966.0722);(685482.7498, 4426841.8869);{}
(685482.7498, 4426841.8869);(686327.7733, 4427478.5144);{}
(685940.2636, 4421228.6634);(686637.0681, 4422023.6589);{}
(686637.0681, 4422023.6589);(687327.7459, 4422928.5548);{}
(685227.7774, 4421091.1846);(685819.5915, 4422323.1435);{}
(685819.5915, 4422323.1435);(687002.7548, 4423153.5543);{}
(684665.3045, 4422753.6393);(685412.8366, 4423129.1272);{}
(685412.8366, 4423129.1272);(686002.7819, 4423703.5623);{}
(713865.4062, 4405253.8065);(714356.6216, 4405162.3836);{}
(714356.6216, 4405162.3836);(714752.8888, 4404953.8051);{}
(719940.2311, 4418753.5745);(719530.1693, 4418534.1769);{}
(719530.1693, 4418534.1769);(719227.7247, 4418078.5767);{}
(719277.7385, 4417528.5866);(719940.2311, 4418753.5745);{'etiqueta': 'SIN NOMBRE'}
(712340.3511, 4408441.2492);(713556.031, 4408117.7437);{}
(713556.031, 4408117.7437);(714277.8466, 4409228.7232);{}
(711815.3405, 4408766.2534);(712307.3784, 4409017.1535);{}
(712307.3784, 4409017.1535);(712752.8242, 4409403.7208);{}
(710590.309, 4410028.7538);(711661.735, 4410270.5249);{}
(711661.735, 4410270.5249);(712402.8095, 4409753.7139);{}
(714102.895, 4406466.2898);(714306.9501, 4406958.232);{}
(714306.9501, 4406958.232);(714302.8756, 4407453.7655);{}
(713165.4078, 4406441.2937);(713719.3055, 4406848.9521);{}
(713719.3055, 4406848.9521);(713802.8774, 4407478.7662);{}
(701027.7309, 4416091.2688);(701464.0943, 4415918.3894);{}
(701464.0943, 4415918.3894);(701952.7255, 4416528.7513);{}
(703477.7169, 4416878.7405);(701027.7309, 4416091.2688);{'etiqueta': 'SIN NOMBRE'}
