(823091.6071, 4736100.5283);(807702.0344, 4738426.8291);{}
(807702.0344, 4738426.8291);(805142.39, 4751389.2164);{}
(803804.7411, 4750624.8265);(804388.9885, 4750402.1017);{}
(804388.9885, 4750402.1017);(804904.6802, 4750049.8105);{}
(805142.39, 4751389.2164);(803804.7411, 4750624.8265);{'etiqueta': 'ARRIU DE CARLAC'}
(805142.39, 4751389.2164);(813379.2677, 4748862.4455);{'etiqueta': 'ARRIU DE GOTER GRAN'}
(805142.39, 4751389.2164);(803679.9783, 4731975.0755);{'etiqueta': 'RIU JOEU'}
(805142.39, 4751389.2164);(816691.6703, 4743625.1442);{'etiqueta': 'ARRIU DE VARRADOS'}
(805142.39, 4751389.2164);(817229.4116, 4730100.442);{'etiqueta': 'ARRIU DE VALARTIES'}
(805142.39, 4751389.2164);(825554.2142, 4728975.819);{'etiqueta': 'ARRIU DE RUDA'}
(805142.39, 4751389.2164);(802104.8435, 4749124.8348);{'etiqueta': 'ARRIU DE BAUSEN'}
(805142.39, 4751389.2164);(801429.8989, 4747174.8525);{'etiqueta': "GOTER D'ANTONI"}
(805142.39, 4751389.2164);(807779.5576, 4743312.284);{'etiqueta': 'BARRANC DE MARGALIDA'}
(805142.39, 4751389.2164);(800117.5106, 4744187.3991);{'etiqueta': 'BARRANC DE SORIEUS'}
(805142.39, 4751389.2164);(815691.7844, 4739725.2068);{'etiqueta': 'ARRIU DE SALIENT'}
(805142.39, 4751389.2164);(808742.1587, 4735187.5429);{'etiqueta': 'BARRANC DETH MELIGAR DE CASAU'}
(805142.39, 4751389.2164);(804317.5478, 4728250.1839);{'etiqueta': 'RIU NERE'}
(805142.39, 4751389.2164);(813579.6856, 4728762.7313);{'etiqueta': 'BARRANC DE BARGADERA'}
(805142.39, 4751389.2164);(818891.7785, 4733262.9728);{'etiqueta': 'BARRANC DE ZEDO'}
(805142.39, 4751389.2164);(817254.2263, 4739337.7888);{'etiqueta': 'BARRANC DE CORILHA'}
(805142.39, 4751389.2164);(815629.2006, 4745412.5732);{'etiqueta': 'ARRIU UNHOLA'}
(805142.39, 4751389.2164);(822716.6525, 4723225.9735);{'etiqueta': "ARRIU D'AIGUAMOG"}
(805142.39, 4751389.2164);(804817.2045, 4745199.7885);{'etiqueta': 'ARRIU DERA SORPERA'}
(805142.39, 4751389.2164);(800917.4433, 4745737.3699);{'etiqueta': 'GOTER DES CLOTS'}
(805142.39, 4751389.2164);(800342.4897, 4744849.8907);{'etiqueta': 'BARRANC DE CASTERAS'}
(805142.39, 4751389.2164);(805217.2084, 4741699.8073);{'etiqueta': 'BARRANC DES MELICS'}
(805142.39, 4751389.2164);(799267.606, 4741112.4575);{'etiqueta': 'ARRIU DES CASTEHS'}
(805142.39, 4751389.2164);(803754.7837, 4741762.3041);{'etiqueta': 'SIN NOMBRE'}
(805142.39, 4751389.2164);(801042.5059, 4738837.433);{'etiqueta': 'BARRANC DERA BARESTA'}
(805142.39, 4751389.2164);(810254.5081, 4739837.4589);{'etiqueta': 'BARRANC DES PALES'}
(805142.39, 4751389.2164);(811466.9768, 4739012.5229);{'etiqueta': 'BARRANC DE MONTCORBAU'}
(805142.39, 4751389.2164);(812617.1288, 4732162.6761);{'etiqueta': 'SIN NOMBRE'}
(805142.39, 4751389.2164);(813154.5987, 4732187.7037);{'etiqueta': 'SIN NOMBRE'}
(805142.39, 4751389.2164);(814754.3805, 4736937.7337);{'etiqueta': 'BARRANC DE CAL'}
(805142.39, 4751389.2164);(816329.2923, 4737887.7936);{'etiqueta': 'BARRANC DE SALIDER'}
(805142.39, 4751389.2164);(816854.2967, 4736537.8513);{'etiqueta': "BARRANC D'ARTIGUES"}
(805142.39, 4751389.2164);(801042.4929, 4739812.4152);{'etiqueta': 'BARRANC DE SANT VICENÇ'}
(803804.7411, 4750624.8265);(802442.3183, 4751124.8497);{'etiqueta': 'SIN NOMBRE'}
(803804.7411, 4750624.8265);(800992.4112, 4751199.8984);{'etiqueta': 'SIN NOMBRE'}
(813379.2677, 4748862.4455);(809326.679, 4748306.4651);{}
(809326.679, 4748306.4651);(804954.6776, 4749474.8022);{}
(802042.3449, 4750624.8564);(802880.6889, 4750698.3937);{}
(802880.6889, 4750698.3937);(803804.7411, 4750624.8265);{}
(804904.6802, 4750049.8105);(802042.3449, 4750624.8564);{'etiqueta': 'RIU DES LAUADORS'}
(804904.6802, 4750049.8105);(802767.2979, 4751612.3485);{'etiqueta': 'GOTER DE SACAUBA'}
(802767.2979, 4751612.3485);(803299.905, 4751097.8279);{}
(803299.905, 4751097.8279);(803804.7411, 4750624.8265);{}
(806829.5966, 4744987.2801);(806803.4821, 4746785.3943);{}
(806803.4821, 4746785.3943);(807079.5621, 4748524.7814);{}
(804954.6776, 4749474.8022);(806829.5966, 4744987.2801);{'etiqueta': 'ARRIU DE BORDIUS'}
(804954.6776, 4749474.8022);(808404.5102, 4746549.8073);{'etiqueta': 'ETH GOTER BASE'}
(804954.6776, 4749474.8022);(811016.9039, 4744937.3938);{'etiqueta': 'GOTER DE COMATROJA'}
(804954.6776, 4749474.8022);(816579.1459, 4747112.5863);{'etiqueta': "ARRIU DE TORAN GORGES D'ERMER"}
(804954.6776, 4749474.8022);(809079.4619, 4749262.324);{'etiqueta': 'ERA COMA LAUETH'}
(804954.6776, 4749474.8022);(810229.4071, 4749312.3512);{'etiqueta': 'BARRANC DES GOTERS'}
(804954.6776, 4749474.8022);(810829.3788, 4749162.3644);{'etiqueta': 'BARRANC DETH CAP DETH PISH'}
(804954.6776, 4749474.8022);(810366.92, 4746637.365);{'etiqueta': "GOTER D'OGUERUDA"}
(808404.5102, 4746549.8073);(807850.2468, 4747523.052);{}
(807850.2468, 4747523.052);(807779.5277, 4748399.7909);{}
(811016.9039, 4744937.3938);(811749.9798, 4746188.7197);{}
(811749.9798, 4746188.7197);(811129.3764, 4747724.8809);{}
(816579.1459, 4747112.5863);(814324.2737, 4747733.8636);{}
(814324.2737, 4747733.8636);(812429.3189, 4747624.9224);{}
(803679.9783, 4731975.0755);(804617.5966, 4735537.1765);{}
(804617.5966, 4735537.1765);(803804.8131, 4738749.8599);{}
(816691.6703, 4743625.1442);(811142.7336, 4742870.0358);{}
(811142.7336, 4742870.0358);(807254.6496, 4738449.9049);{}
(817229.4116, 4730100.442);(817442.5354, 4732796.4754);{}
(817442.5354, 4732796.4754);(816879.3352, 4734725.3725);{}
(817229.4116, 4730100.442);(818041.897, 4727388.0295);{'etiqueta': 'SIN NOMBRE'}
(817229.4116, 4730100.442);(813554.8225, 4724862.702);{'etiqueta': 'SIN NOMBRE'}
(817229.4116, 4730100.442);(815217.1097, 4727287.8336);{'etiqueta': 'SIN NOMBRE'}
(817229.4116, 4730100.442);(815592.0075, 4730450.349);{'etiqueta': 'SIN NOMBRE'}
(825554.2142, 4728975.819);(823965.7435, 4732371.6095);{}
(823965.7435, 4732371.6095);(821054.1583, 4734950.5156);{}
(825554.2142, 4728975.819);(823541.6731, 4727613.3394);{'etiqueta': 'ARRIU DE PISHADER'}
(825554.2142, 4728975.819);(824116.683, 4727488.3563);{'etiqueta': 'SIN NOMBRE'}
(825554.2142, 4728975.819);(824591.6832, 4724750.979);{'etiqueta': 'SIN NOMBRE'}
(825554.2142, 4728975.819);(826316.7242, 4726100.9623);{'etiqueta': 'SIN NOMBRE'}
(802442.3183, 4751124.8497);(802638.8478, 4750951.9476);{}
(802638.8478, 4750951.9476);(802879.7924, 4750699.8344);{}
(800992.4112, 4751199.8984);(801815.947, 4750854.0155);{}
(801815.947, 4750854.0155);(802779.7979, 4750674.8348);{}
(808167.0353, 4744212.2989);(807601.6648, 4744801.7957);{}
(807601.6648, 4744801.7957);(806804.5943, 4745624.7808);{}
(807079.5621, 4748524.7814);(808167.0353, 4744212.2989);{'etiqueta': 'GOTER DE COMICA'}
(808217.0319, 4744412.3008);(808347.5328, 4745429.4557);{}
(808347.5328, 4745429.4557);(808404.5102, 4746549.8073);{}
(807779.5277, 4748399.7909);(808217.0319, 4744412.3008);{'etiqueta': 'GOTER DE CORILHA'}
(807779.5277, 4748399.7909);(809116.9911, 4744562.3313);{'etiqueta': 'GOTER DE SERRACORBA'}
(809116.9911, 4744562.3313);(808873.1757, 4745547.2365);{}
(808873.1757, 4745547.2365);(808404.5102, 4746549.8073);{}
(809079.4619, 4749262.324);(809032.4451, 4748679.8386);{}
(809032.4451, 4748679.8386);(808879.4769, 4748299.819);{}
(810229.4071, 4749312.3512);(810175.5688, 4748811.5277);{}
(810175.5688, 4748811.5277);(810079.4207, 4748299.8499);{}
(810829.3788, 4749162.3644);(810780.5996, 4748560.9024);{}
(810780.5996, 4748560.9024);(810604.3986, 4747999.8651);{}
(810366.92, 4746637.365);(810778.2108, 4747158.6991);{}
(810778.2108, 4747158.6991);(810979.3829, 4747774.8765);{}
(809529.4736, 4744437.3455);(810431.2697, 4745558.6075);{}
(810431.2697, 4745558.6075);(811454.3662, 4747149.8938);{}
(811129.3764, 4747724.8809);(809529.4736, 4744437.3455);{'etiqueta': "GOTER D'ARBAETH"}
(811129.3764, 4747724.8809);(813766.779, 4745574.9941);{'etiqueta': 'GOTER DE BEDREDA'}
(813766.779, 4745574.9941);(812806.3653, 4746329.89);{}
(812806.3653, 4746329.89);(811554.3647, 4746774.8993);{}
(816729.1385, 4747337.5873);(815517.6838, 4746808.8902);{}
(815517.6838, 4746808.8902);(814454.2326, 4747574.9991);{}
(812429.3189, 4747624.9224);(816729.1385, 4747337.5873);{'etiqueta': 'CORRAU DETH MIEI'}
(802104.8435, 4749124.8348);(803581.5011, 4748899.8555);{}
(803581.5011, 4748899.8555);(804554.704, 4748149.7957);{}
(802104.8435, 4749124.8348);(800092.48, 4748412.3991);{'etiqueta': 'ARRIU DES ARRAMERS'}
(802104.8435, 4749124.8348);(800417.4526, 4749787.4005);{'etiqueta': 'SIN NOMBRE'}
(802104.8435, 4749124.8348);(800467.4477, 4750299.9049);{'etiqueta': 'BARRANC DERA ESCALA'}
(801429.8989, 4747174.8525);(802191.1641, 4746795.2557);{}
(802191.1641, 4746795.2557);(803104.7932, 4746149.7984);{}
(807779.5576, 4743312.284);(805229.6924, 4743199.7832);{}
(805229.6924, 4743199.7832);(802404.8498, 4744074.8142);{}
(800117.5106, 4744187.3991);(800930.8304, 4743273.3654);{}
(800930.8304, 4743273.3654);(801979.8844, 4743324.8293);{}
(801480.2595, 4726112.8016);(800900.3818, 4728413.626);{}
(800900.3818, 4728413.626);(800380.2508, 4730500.2158);{}
(803804.8131, 4738749.8599);(801480.2595, 4726112.8016);{'etiqueta': 'RIO DE BARRANCS'}
(803804.8131, 4738749.8599);(807054.704, 4735962.4783);{'etiqueta': 'BARRANC DES PARDIES'}
(803804.8131, 4738749.8599);(800642.6702, 4732775.1258);{'etiqueta': 'CANALETA DE POMERO'}
(803804.8131, 4738749.8599);(801642.6761, 4729925.2001);{'etiqueta': 'BARRANC DERA RIBERA'}
(803804.8131, 4738749.8599);(803955.0416, 4729187.6649);{'etiqueta': 'BARRANC DES PUIS'}
(803804.8131, 4738749.8599);(803279.8604, 4736637.3905);{'etiqueta': 'BARRANC DES GARRADES'}
(803804.8131, 4738749.8599);(801792.5121, 4735324.9925);{'etiqueta': 'BARRANC DE SATRONCA'}
(803804.8131, 4738749.8599);(805842.3281, 4733600.0478);{'etiqueta': 'BARRANC DE MONTPIUS'}
(803804.8131, 4738749.8599);(806404.8517, 4731862.6235);{'etiqueta': 'BARRANC DERA MONTANHA DE DELA'}
(803804.8131, 4738749.8599);(801292.5791, 4734312.5481);{'etiqueta': "BARRANC D'AUBERT"}
(803804.8131, 4738749.8599);(805667.2843, 4735387.4762);{'etiqueta': 'BARRANC DETH PLANHOT'}
(803804.8131, 4738749.8599);(803367.3704, 4736049.9104);{'etiqueta': 'LAUET DETH SIMONA'}
(803804.8131, 4738749.8599);(803417.385, 4735487.4334);{'etiqueta': 'BARRANC DE TRAUASSERA'}
(803804.8131, 4738749.8599);(802917.4889, 4733287.5368);{'etiqueta': 'BARRANC DE BERNATET'}
(803804.8131, 4738749.8599);(804792.4021, 4732762.5628);{'etiqueta': 'SIN NOMBRE'}
(803804.8131, 4738749.8599);(802992.5056, 4732562.5639);{'etiqueta': 'SIN NOMBRE'}
(807054.704, 4735962.4783);(806176.752, 4736410.67);{}
(806176.752, 4736410.67);(805304.7587, 4737199.9101);{}
(800642.6702, 4732775.1258);(802191.6625, 4732429.0947);{}
(802191.6625, 4732429.0947);(803654.9765, 4732075.0712);{}
(801642.6761, 4729925.2001);(802684.2687, 4730362.3044);{}
(802684.2687, 4730362.3044);(803679.9783, 4731975.0755);{}
(803955.0416, 4729187.6649);(804179.7767, 4730715.0431);{}
(804179.7767, 4730715.0431);(803679.9783, 4731975.0755);{}
(806342.1536, 4741449.8159);(807616.0866, 4741328.4363);{}
(807616.0866, 4741328.4363);(808329.5729, 4740499.8717);{}
(807254.6496, 4738449.9049);(806342.1536, 4741449.8159);{'etiqueta': 'BARRANC DE SANT JOAN'}
(807254.6496, 4738449.9049);(808417.0254, 4744024.8075);{'etiqueta': 'BARRANC DE GUARBES'}
(807254.6496, 4738449.9049);(817166.6475, 4744162.6491);{'etiqueta': 'BARRANC DE SIESSO'}
(807254.6496, 4738449.9049);(816941.7308, 4739725.2683);{'etiqueta': 'ARRIU DERA PINCELA'}
(807254.6496, 4738449.9049);(806892.1421, 4740249.851);{'etiqueta': 'SIN NOMBRE'}
(807254.6496, 4738449.9049);(806717.1405, 4740999.8293);{'etiqueta': 'BARRANC DE RIGODERO'}
(807254.6496, 4738449.9049);(809367.0339, 4740362.413);{'etiqueta': 'ARRIU NERE'}
(807254.6496, 4738449.9049);(810054.5002, 4740737.4278);{'etiqueta': 'BARRANC DE SASSECA'}
(807254.6496, 4738449.9049);(808792.0222, 4742537.3318);{'etiqueta': 'BARRANC DE SALIES'}
(807254.6496, 4738449.9049);(809067.0055, 4742849.8337);{'etiqueta': 'BARRANC DERA COSTA'}
(807254.6496, 4738449.9049);(811641.8845, 4743937.4214);{'etiqueta': 'SIN NOMBRE'}
(807254.6496, 4738449.9049);(812279.3548, 4744162.444);{'etiqueta': 'ARRIU DETH TERME'}
(807254.6496, 4738449.9049);(816416.6854, 4743250.1382);{'etiqueta': 'SIN NOMBRE'}
(807254.6496, 4738449.9049);(810016.9837, 4741774.8988);{'etiqueta': 'BARRANC DERA GLEISETA'}
(808417.0254, 4744024.8075);(809363.046, 4743362.3157);{}
(809363.046, 4743362.3157);(809854.4792, 4742424.8753);{}
(817166.6475, 4744162.6491);(815402.3273, 4743821.4396);{}
(815402.3273, 4743821.4396);(813554.3092, 4743125.0097);{}
(816941.7308, 4739725.2683);(816745.6357, 4741044.7967);{}
(816745.6357, 4741044.7967);(815854.2257, 4742400.1372);{}
(815691.7844, 4739725.2068);(813673.7868, 4738027.3521);{}
(813673.7868, 4738027.3521);(810779.5521, 4736500.0634);{}
(808742.1587, 4735187.5429);(809844.6692, 4735075.3093);{}
(809844.6692, 4735075.3093);(810779.5892, 4735275.0904);{}
(804317.5478, 4728250.1839);(808451.8987, 4731486.0364);{}
(808451.8987, 4731486.0364);(811029.594, 4734850.1054);{}
(813579.6856, 4728762.7313);(814427.1556, 4731534.5886);{}
(814427.1556, 4731534.5886);(814479.4595, 4734525.2466);{}
(816016.9162, 4733162.8439);(816917.6071, 4733229.6387);{}
(816917.6071, 4733229.6387);(817429.3339, 4733625.4092);{}
(816879.3352, 4734725.3725);(816016.9162, 4733162.8439);{'etiqueta': 'BARRANC DE CODIERO'}
(816879.3352, 4734725.3725);(818766.8531, 4727038.0888);{'etiqueta': 'ARRIU DE RENCULES'}
(816879.3352, 4734725.3725);(812004.8104, 4727362.6766);{'etiqueta': 'RIBERA DE RIUS'}
(816879.3352, 4734725.3725);(815117.0666, 4729250.3251);{'etiqueta': 'BARRANC DERA AUBETA'}
(816879.3352, 4734725.3725);(815442.0101, 4730737.8399);{'etiqueta': 'SIN NOMBRE'}
(818766.8531, 4727038.0888);(819304.1642, 4728792.0513);{}
(819304.1642, 4728792.0513);(817404.3967, 4730525.4463);{}
(812004.8104, 4727362.6766);(814476.6509, 4728093.2596);{}
(814476.6509, 4728093.2596);(817229.4116, 4730100.442);{}
(815117.0666, 4729250.3251);(816282.6651, 4730102.3156);{}
(816282.6651, 4730102.3156);(817229.4116, 4730100.442);{}
(818891.7785, 4733262.9728);(818317.5946, 4734380.2329);{}
(818317.5946, 4734380.2329);(817479.3043, 4734950.3937);{}
(817254.2263, 4739337.7888);(817981.379, 4737530.3246);{}
(817981.379, 4737530.3246);(818529.2554, 4735275.4233);{}
(815629.2006, 4745412.5732);(820045.1233, 4742089.1095);{}
(820045.1233, 4742089.1095);(819129.2263, 4735550.4374);{}
(822716.6525, 4723225.9735);(822153.9838, 4728335.6113);{}
(822153.9838, 4728335.6113);(820929.1631, 4734975.5106);{}
(827504.1101, 4734888.177);(824868.5812, 4735442.0982);{}
(824868.5812, 4735442.0982);(821929.1374, 4734675.5495);{}
(821054.1583, 4734950.5156);(827504.1101, 4734888.177);{'etiqueta': 'ARRIU MALO'}
(821054.1583, 4734950.5156);(825754.161, 4733488.1546);{'etiqueta': 'BARRANC DES ARCOILS'}
(821054.1583, 4734950.5156);(826541.7096, 4731888.22);{'etiqueta': 'SIN NOMBRE'}
(821054.1583, 4734950.5156);(824841.6931, 4724463.4913);{'etiqueta': 'ARRIU DE SABOREDO'}
(821054.1583, 4734950.5156);(823841.6376, 4734400.5929);{'etiqueta': 'SIN NOMBRE'}
(821054.1583, 4734950.5156);(823641.7004, 4731175.6863);{'etiqueta': 'SIN NOMBRE'}
(821054.1583, 4734950.5156);(826491.7265, 4730800.7574);{'etiqueta': 'SIN NOMBRE'}
(821054.1583, 4734950.5156);(823416.6789, 4728625.793);{'etiqueta': 'SIN NOMBRE'}
(825754.161, 4733488.1546);(824604.152, 4733426.4532);{}
(824604.152, 4733426.4532);(823679.1689, 4732875.6353);{}
(826541.7096, 4731888.22);(825699.2152, 4731641.5739);{}
(825699.2152, 4731641.5739);(824979.2132, 4731225.7084);{}
(824841.6931, 4724463.4913);(825168.345, 4726747.2925);{}
(825168.345, 4726747.2925);(825554.2142, 4728975.819);{}
(809816.9608, 4744449.8553);(810416.1473, 4744745.861);{}
(810416.1473, 4744745.861);(810454.4241, 4745574.8723);{}
(811454.3662, 4747149.8938);(809816.9608, 4744449.8553);{'etiqueta': 'SIN NOMBRE'}
(815666.696, 4745762.57);(814818.3675, 4746088.4692);{}
(814818.3675, 4746088.4692);(814729.2257, 4747000.0166);{}
(814454.2326, 4747574.9991);(815666.696, 4745762.57);{'etiqueta': 'SIN NOMBRE'}
(814454.2326, 4747574.9991);(815966.6792, 4746237.5757);{'etiqueta': 'SIN NOMBRE'}
(814454.2326, 4747574.9991);(817041.6273, 4747262.5979);{'etiqueta': 'SIN NOMBRE'}
(815966.6792, 4746237.5757);(816425.3687, 4746102.3506);{}
(816425.3687, 4746102.3506);(816529.1522, 4746575.0932);{}
(817041.6273, 4747262.5979);(816936.4024, 4746746.942);{}
(816936.4024, 4746746.942);(816529.1522, 4746575.0932);{}
(801817.3651, 4748462.3402);(802227.8762, 4748730.3198);{}
(802227.8762, 4748730.3198);(802354.827, 4749099.8259);{}
(804554.704, 4748149.7957);(801817.3651, 4748462.3402);{'etiqueta': 'GOTER DE BADERCA'}
(804554.704, 4748149.7957);(801154.9048, 4749624.8735);{'etiqueta': 'ARRIU DE CUMEDAN'}
(804554.704, 4748149.7957);(801417.3862, 4750237.3723);{'etiqueta': 'ARRIU ESTEISH'}
(801154.9048, 4749624.8735);(801732.0515, 4749280.1216);{}
(801732.0515, 4749280.1216);(802104.8435, 4749124.8348);{}
(801154.9048, 4749624.8735);(800467.4493, 4749799.8989);{'etiqueta': 'SIN NOMBRE'}
(801417.3862, 4750237.3723);(801898.7876, 4749696.595);{}
(801898.7876, 4749696.595);(802104.8435, 4749124.8348);{}
(799842.5107, 4746599.9082);(800685.2081, 4747033.868);{}
(800685.2081, 4747033.868);(801429.8989, 4747174.8525);{}
(803104.7932, 4746149.7984);(799842.5107, 4746599.9082);{'etiqueta': 'ARRIU DE PENA-ROJA'}
(803104.7932, 4746149.7984);(800517.455, 4747962.3845);{'etiqueta': 'LITS DE COMA'}
(800517.455, 4747962.3845);(801026.822, 4747519.8675);{}
(801026.822, 4747519.8675);(801429.8989, 4747174.8525);{}
(804817.2045, 4745199.7885);(803913.464, 4745549.2705);{}
(803913.464, 4745549.2705);(803054.7968, 4745949.7981);{}
(800917.4433, 4745737.3699);(801795.0893, 4745200.3287);{}
(801795.0893, 4745200.3287);(802654.8275, 4744924.8061);{}
(805317.1824, 4744224.7848);(804777.7929, 4743921.6152);{}
(804777.7929, 4743921.6152);(804254.7431, 4743499.7868);{}
(802404.8498, 4744074.8142);(805317.1824, 4744224.7848);{'etiqueta': 'SIN NOMBRE'}
(802404.8498, 4744074.8142);(805367.1949, 4742162.2966);{'etiqueta': 'SIN NOMBRE'}
(802404.8498, 4744074.8142);(806467.1235, 4743699.7801);{'etiqueta': 'SIN NOMBRE'}
(805367.1949, 4742162.2966);(805152.2384, 4742669.0519);{}
(805152.2384, 4742669.0519);(805229.6924, 4743199.7832);{}
(806467.1235, 4743699.7801);(806068.6839, 4743363.1209);{}
(806068.6839, 4743363.1209);(805654.6708, 4742999.7816);{}
(800342.4897, 4744849.8907);(801075.092, 4744159.7739);{}
(801075.092, 4744159.7739);(802129.8708, 4743799.8241);{}
(799217.5867, 4742737.4338);(800083.7456, 4743272.7927);{}
(800083.7456, 4743272.7927);(800929.9597, 4743274.8689);{}
(801979.8844, 4743324.8293);(799217.5867, 4742737.4338);{'etiqueta': 'ARRIU DE SABORERA'}
(805217.2084, 4741699.8073);(803542.1635, 4742484.9212);{}
(803542.1635, 4742484.9212);(801929.8904, 4742924.8309);{}
(799267.606, 4741112.4575);(800350.5961, 4741498.5224);{}
(800350.5961, 4741498.5224);(801629.9237, 4741824.8565);{}
(803754.7837, 4741762.3041);(803431.3375, 4740569.1931);{}
(803431.3375, 4740569.1931);(802579.8745, 4740099.8528);{}
(801042.5059, 4738837.433);(801952.2407, 4739206.3704);{}
(801952.2407, 4739206.3704);(802754.8674, 4739574.8559);{}
(802792.6305, 4728387.7046);(801976.5255, 4729261.8661);{}
(801976.5255, 4729261.8661);(800680.2428, 4729925.226);{}
(800380.2508, 4730500.2158);(802792.6305, 4728387.7046);{'etiqueta': "BARRANCO DE L'ESCALETA"}
(800380.2508, 4730500.2158);(799892.8128, 4728950.2742);{'etiqueta': 'BARRANCO DE SALTERILLO'}
(800380.2508, 4730500.2158);(799855.3359, 4727612.8128);{'etiqueta': 'SIN NOMBRE'}
(800380.2508, 4730500.2158);(800955.2647, 4727637.7786);{'etiqueta': 'SIN NOMBRE'}
(800380.2508, 4730500.2158);(799942.8025, 4729387.7606);{'etiqueta': 'SIN NOMBRE'}
(800380.2508, 4730500.2158);(801992.7229, 4726387.7777);{'etiqueta': 'SIN NOMBRE'}
(799892.8128, 4728950.2742);(800377.9678, 4729067.9182);{}
(800377.9678, 4729067.9182);(800630.2567, 4729325.2433);{}
(799855.3359, 4727612.8128);(800501.4492, 4728336.5585);{}
(800501.4492, 4728336.5585);(800630.2593, 4729175.2473);{}
(800955.2647, 4727637.7786);(800756.3802, 4728120.7362);{}
(800756.3802, 4728120.7362);(800805.2567, 4728650.2563);{}
(803279.8604, 4736637.3905);(803888.434, 4737633.596);{}
(803888.434, 4737633.596);(804254.7963, 4738274.8737);{}
(806542.2841, 4733987.5446);(806694.6407, 4734895.1204);{}
(806694.6407, 4734895.1204);(806554.7216, 4736149.9625);{}
(805304.7587, 4737199.9101);(806542.2841, 4733987.5446);{'etiqueta': 'BARRANC DE GELES'}
(801792.5121, 4735324.9925);(802641.062, 4734934.106);{}
(802641.062, 4734934.106);(804129.8741, 4734749.9745);{}
(805842.3281, 4733600.0478);(804999.3206, 4734048.085);{}
(804999.3206, 4734048.085);(804029.8922, 4734299.9903);{}
(806404.8517, 4731862.6235);(805549.104, 4733072.7012);{}
(805549.104, 4733072.7012);(803929.905, 4734024.9994);{}
(801292.5791, 4734312.5481);(802627.2083, 4734018.3055);{}
(802627.2083, 4734018.3055);(803879.9141, 4733800.0073);{}
(806892.1421, 4740249.851);(807399.3415, 4739983.3777);{}
(807399.3415, 4739983.3777);(807779.6064, 4739699.8748);{}
(806717.1405, 4740999.8293);(807507.5645, 4740932.6224);{}
(807507.5645, 4740932.6224);(808054.5861, 4740349.866);{}
(809367.0339, 4740362.413);(808976.9387, 4740718.1937);{}
(808976.9387, 4740718.1937);(808629.5555, 4740849.8728);{}
(810054.5002, 4740737.4278);(809383.1991, 4741072.5241);{}
(809383.1991, 4741072.5241);(808754.5466, 4741099.8704);{}
(808792.0222, 4742537.3318);(809116.616, 4742387.0331);{}
(809116.616, 4742387.0331);(809404.5007, 4742274.8623);{}
(809067.0055, 4742849.8337);(809372.8172, 4742647.1582);{}
(809372.8172, 4742647.1582);(809454.4977, 4742324.8628);{}
(811641.8845, 4743937.4214);(811688.8739, 4743370.0241);{}
(811688.8739, 4743370.0241);(811704.3927, 4742874.9341);{}
(812279.3548, 4744162.444);(812352.8083, 4743769.5681);{}
(812352.8083, 4743769.5681);(812354.3636, 4742949.9588);{}
(813841.7823, 4744812.5052);(814107.059, 4744070.3068);{}
(814107.059, 4744070.3068);(813704.3009, 4743325.0142);{}
(813554.3092, 4743125.0097);(813841.7823, 4744812.5052);{'etiqueta': 'SIN NOMBRE'}
(813554.3092, 4743125.0097);(815541.7073, 4745062.5742);{'etiqueta': 'BARRANC DE GÜERRI'}
(815541.7073, 4745062.5742);(814749.9316, 4744661.0834);{}
(814749.9316, 4744661.0834);(814929.246, 4743600.0661);{}
(816416.6854, 4743250.1382);(815926.7105, 4742869.7358);{}
(815926.7105, 4742869.7358);(815629.2357, 4742375.1272);{}
(816279.238, 4740812.7046);(816395.0139, 4741335.9751);{}
(816395.0139, 4741335.9751);(816429.2107, 4741900.1794);{}
(815854.2257, 4742400.1372);(816279.238, 4740812.7046);{'etiqueta': 'SIN NOMBRE'}
(815854.2257, 4742400.1372);(818154.1345, 4742362.7194);{'etiqueta': 'SIN NOMBRE'}
(818154.1345, 4742362.7194);(817869.3426, 4741432.886);{}
(817869.3426, 4741432.886);(816704.2056, 4741550.2033);{}
(810254.5081, 4739837.4589);(809720.2358, 4738911.1753);{}
(809720.2358, 4738911.1753);(808979.5863, 4738024.9641);{}
(811466.9768, 4739012.5229);(810656.2951, 4738078.358);{}
(810656.2951, 4738078.358);(809879.566, 4737275.0149);{}
(813341.9596, 4736362.6641);(812567.7862, 4736521.0053);{}
(812567.7862, 4736521.0053);(811704.5074, 4736950.0833);{}
(810779.5521, 4736500.0634);(813341.9596, 4736362.6641);{'etiqueta': 'BARRANC DE SABIERA'}
(810779.5521, 4736500.0634);(813941.913, 4737075.1868);{'etiqueta': 'BARRANC DE POTON'}
(810779.5521, 4736500.0634);(812516.8894, 4741325.0063);{'etiqueta': 'ARRIU DE BORDS'}
(810779.5521, 4736500.0634);(816491.7536, 4739525.2536);{'etiqueta': 'SIN NOMBRE'}
(810779.5521, 4736500.0634);(812079.4577, 4738812.549);{'etiqueta': 'SIN NOMBRE'}
(810779.5521, 4736500.0634);(814479.3411, 4739512.6507);{'etiqueta': 'SIN NOMBRE'}
(813941.913, 4737075.1868);(813067.8899, 4737204.3533);{}
(813067.8899, 4737204.3533);(812004.4891, 4737350.0831);{}
(812516.8894, 4741325.0063);(813010.9787, 4739805.1547);{}
(813010.9787, 4739805.1547);(812679.4517, 4737900.098);{}
(816491.7536, 4739525.2536);(815926.7819, 4739272.6527);{}
(815926.7819, 4739272.6527);(815354.3166, 4738825.2149);{}
(807142.2688, 4733537.5717);(808553.6803, 4733996.8466);{}
(808553.6803, 4733996.8466);(809404.6423, 4735000.0648);{}
(810779.5892, 4735275.0904);(807142.2688, 4733537.5717);{'etiqueta': 'BARRANC DE CASAU'}
(812367.1496, 4731737.6809);(811466.5536, 4732604.7559);{}
(811466.5536, 4732604.7559);(810454.6693, 4732950.1396);{}
(811029.594, 4734850.1054);(812367.1496, 4731737.6809);{'etiqueta': 'BARRANC DE SANT ESTEVE'}
(811029.594, 4734850.1054);(812754.7304, 4729062.6848);{'etiqueta': 'RIU DE SARRAERA'}
(811029.594, 4734850.1054);(808692.3604, 4728425.1946);{'etiqueta': 'RIU DE HONT HEREDA O CANAL DETH PORT DE VIELHA'}
(811029.594, 4734850.1054);(804392.5635, 4727475.1974);{'etiqueta': 'RIBERETA DETH NERE'}
(811029.594, 4734850.1054);(809517.1694, 4733937.5985);{'etiqueta': 'SIN NOMBRE'}
(811029.594, 4734850.1054);(807942.242, 4733150.0995);{'etiqueta': "BARRANC D'ARRIBAETA"}
(811029.594, 4734850.1054);(809242.2128, 4732725.1314);{'etiqueta': 'BARRANC DE SILVESTRE'}
(811029.594, 4734850.1054);(811917.1865, 4730975.1925);{'etiqueta': 'BARRANC DERA MAGDELENA'}
(811029.594, 4734850.1054);(806642.307, 4733025.0829);{'etiqueta': 'BARRANC DE EISHEDO'}
(811029.594, 4734850.1054);(807467.3028, 4731800.1427);{'etiqueta': 'BARRANC DERA MINA'}
(811029.594, 4734850.1054);(806617.356, 4731362.6459);{'etiqueta': 'BARRANC DE BATALHA'}
(812754.7304, 4729062.6848);(811116.2626, 4729884.4246);{}
(811116.2626, 4729884.4246);(810104.7123, 4731850.1651);{}
(808692.3604, 4728425.1946);(809930.0705, 4729673.9928);{}
(809930.0705, 4729673.9928);(809779.7262, 4731700.1673);{}
(804392.5635, 4727475.1974);(804944.7373, 4727897.0814);{}
(804944.7373, 4727897.0814);(805105.0109, 4728350.1855);{}
(812617.1288, 4732162.6761);(812579.7378, 4733195.1029);{}
(812579.7378, 4733195.1029);(812179.5743, 4734300.1388);{}
(813154.5987, 4732187.7037);(812919.3686, 4733430.0875);{}
(812919.3686, 4733430.0875);(812429.5656, 4734325.143);{}
(814754.3805, 4736937.7337);(814563.5559, 4735670.4774);{}
(814563.5559, 4735670.4774);(814229.4662, 4734725.231);{}
(815279.4667, 4732737.8096);(814856.9039, 4733131.1422);{}
(814856.9039, 4733131.1422);(814529.4843, 4733550.2606);{}
(814479.4595, 4734525.2466);(815279.4667, 4732737.8096);{'etiqueta': 'BARRANC DES TARTERS'}
(814479.4595, 4734525.2466);(813167.1448, 4730725.2212);{'etiqueta': 'SIN NOMBRE'}
(814479.4595, 4734525.2466);(814792.0646, 4730137.8059);{'etiqueta': 'SIN NOMBRE'}
(814479.4595, 4734525.2466);(812767.2001, 4729862.6925);{'etiqueta': 'SIN NOMBRE'}
(813167.1448, 4730725.2212);(813634.5205, 4730678.0503);{}
(813634.5205, 4730678.0503);(814079.5897, 4730775.2687);{}
(814792.0646, 4730137.8059);(814272.261, 4730163.4647);{}
(814272.261, 4730163.4647);(814054.5972, 4730575.2668);{}
(812767.2001, 4729862.6925);(813173.9152, 4730463.179);{}
(813173.9152, 4730463.179);(813929.6116, 4730350.2593);{}
(816329.2923, 4737887.7936);(816094.7636, 4736497.6251);{}
(816094.7636, 4736497.6251);(816179.3718, 4734650.3359);{}
(815791.9509, 4732262.8421);(816176.0319, 4732711.7601);{}
(816176.0319, 4732711.7601);(816554.3872, 4733175.3722);{}
(817429.3339, 4733625.4092);(815791.9509, 4732262.8421);{'etiqueta': 'SIN NOMBRE'}
(815442.0101, 4730737.8399);(816576.5733, 4730768.4751);{}
(816576.5733, 4730768.4751);(817429.3933, 4730700.4453);{}
(819666.7943, 4726763.1634);(820257.2833, 4727420.6802);{}
(820257.2833, 4727420.6802);(819404.3063, 4728125.6108);{}
(817404.3967, 4730525.4463);(819666.7943, 4726763.1634);{'etiqueta': 'SIN NOMBRE'}
(818041.897, 4727388.0295);(818005.5073, 4728360.1321);{}
(818005.5073, 4728360.1321);(817004.4363, 4729425.4363);{}
(813554.8225, 4724862.702);(815216.016, 4726765.5071);{}
(815216.016, 4726765.5071);(815929.5296, 4728425.3776);{}
(815217.1097, 4727287.8336);(815388.8839, 4727755.3315);{}
(815388.8839, 4727755.3315);(815554.5606, 4728250.3542);{}
(815592.0075, 4730450.349);(816263.3113, 4730433.2518);{}
(816263.3113, 4730433.2518);(816529.4513, 4730375.4004);{}
(816854.2967, 4736537.8513);(817054.268, 4735735.3821);{}
(817054.268, 4735735.3821);(816954.331, 4734750.3762);{}
(816754.265, 4738337.8029);(817050.8401, 4737778.9843);{}
(817050.8401, 4737778.9843);(817879.2362, 4737575.3602);{}
(818529.2554, 4735275.4233);(816754.265, 4738337.8029);{'etiqueta': 'SIN NOMBRE'}
(818091.6481, 4741775.2358);(819181.2598, 4740355.6785);{}
(819181.2598, 4740355.6785);(820279.1204, 4738900.3824);{}
(819129.2263, 4735550.4374);(818091.6481, 4741775.2358);{'etiqueta': 'ARRIU DE MOREDO'}
(819129.2263, 4735550.4374);(818241.6369, 4742062.7311);{'etiqueta': 'SIN NOMBRE'}
(819129.2263, 4735550.4374);(821091.4929, 4744537.7541);{'etiqueta': 'ARRIU DES CALHAUS'}
(819129.2263, 4735550.4374);(819591.5472, 4745037.705);{'etiqueta': 'SIN NOMBRE'}
(819129.2263, 4735550.4374);(818616.6985, 4738100.3631);{'etiqueta': 'ARRIU DERA AIROLA'}
(819129.2263, 4735550.4374);(822216.5623, 4738962.927);{'etiqueta': 'SIN NOMBRE'}
(819129.2263, 4735550.4374);(822241.5552, 4739287.9181);{'etiqueta': 'BARRANC DE RAIGADES'}
(819129.2263, 4735550.4374);(818741.6895, 4738325.3595);{'etiqueta': 'ARRIU DE COSTES VEDADES'}
(819129.2263, 4735550.4374);(821491.5552, 4739987.8816);{'etiqueta': 'SIN NOMBRE'}
(819129.2263, 4735550.4374);(817516.6435, 4743175.1764);{'etiqueta': 'SIN NOMBRE'}
(819129.2263, 4735550.4374);(819504.0517, 4744887.7046);{'etiqueta': 'SIN NOMBRE'}
(819129.2263, 4735550.4374);(817191.6472, 4744075.1512);{'etiqueta': 'SIN NOMBRE'}
(819129.2263, 4735550.4374);(816991.6518, 4744462.6396);{'etiqueta': 'SIN NOMBRE'}
(819129.2263, 4735550.4374);(822216.5757, 4738300.4464);{'etiqueta': 'BARRANC DE SANTA MARGALIDA'}
(819129.2263, 4735550.4374);(821366.5644, 4739662.8884);{'etiqueta': 'BARRANC DE MAUPAS'}
(819129.2263, 4735550.4374);(818016.617, 4743862.6775);{'etiqueta': 'SIN NOMBRE'}
(818241.6369, 4742062.7311);(818940.5205, 4741495.622);{}
(818940.5205, 4741495.622);(819979.0843, 4741350.3006);{}
(821091.4929, 4744537.7541);(820872.6065, 4743078.4065);{}
(820872.6065, 4743078.4065);(819979.0659, 4742300.2721);{}
(819591.5472, 4745037.705);(818765.8989, 4745440.6722);{}
(818765.8989, 4745440.6722);(818079.1022, 4745450.1557);{}
(823516.6908, 4730000.7352);(822136.8036, 4730304.2907);{}
(822136.8036, 4730304.2907);(821354.204, 4731075.6345);{}
(820929.1631, 4734975.5106);(823516.6908, 4730000.7352);{'etiqueta': 'SIN NOMBRE'}
(820929.1631, 4734975.5106);(823404.171, 4723163.4904);{'etiqueta': 'SIN NOMBRE'}
(820929.1631, 4734975.5106);(820479.2387, 4725313.2694);{'etiqueta': 'SIN NOMBRE'}
(820929.1631, 4734975.5106);(822191.6399, 4723138.4635);{'etiqueta': 'SIN NOMBRE'}
(820929.1631, 4734975.5106);(819616.7562, 4732750.513);{'etiqueta': 'SIN NOMBRE'}
(820929.1631, 4734975.5106);(819766.7665, 4731800.5397);{'etiqueta': 'SIN NOMBRE'}
(820929.1631, 4734975.5106);(820866.7162, 4728050.7138);{'etiqueta': 'SIN NOMBRE'}
(820929.1631, 4734975.5106);(822541.6329, 4725575.9069);{'etiqueta': 'SIN NOMBRE'}
(820929.1631, 4734975.5106);(822229.1202, 4724863.4281);{'etiqueta': 'SIN NOMBRE'}
(823404.171, 4723163.4904);(823438.0699, 4725070.8034);{}
(823438.0699, 4725070.8034);(821954.1415, 4727200.8239);{}
(820479.2387, 4725313.2694);(820851.5706, 4726182.1343);{}
(820851.5706, 4726182.1343);(821729.1538, 4726800.8222);{}
(822191.6399, 4723138.4635);(821946.4642, 4723616.7161);{}
(821946.4642, 4723616.7161);(821779.1479, 4724375.9069);{}
(827616.5891, 4735525.6645);(826809.5022, 4735208.9481);{}
(826809.5022, 4735208.9481);(826179.1189, 4734925.6205);{}
(821929.1374, 4734675.5495);(827616.5891, 4735525.6645);{'etiqueta': 'SIN NOMBRE'}
(823841.6376, 4734400.5929);(823377.2966, 4734255.0333);{}
(823377.2966, 4734255.0333);(822979.1485, 4733875.5928);{}
(823641.7004, 4731175.6863);(824133.0538, 4731477.1011);{}
(824133.0538, 4731477.1011);(824304.1911, 4732000.6724);{}
(826491.7265, 4730800.7574);(825758.1641, 4730923.4357);{}
(825758.1641, 4730923.4357);(825179.2145, 4730975.7231);{}
(823416.6789, 4728625.793);(824317.4748, 4728947.038);{}
(824317.4748, 4728947.038);(825554.2142, 4728975.819);{}
(823541.6731, 4727613.3394);(824434.8736, 4728260.7587);{}
(824434.8736, 4728260.7587);(825529.2135, 4728825.8252);{}
(824116.683, 4727488.3563);(824592.6426, 4727766.4464);{}
(824592.6426, 4727766.4464);(825029.2013, 4727700.8651);{}
(824591.6832, 4724750.979);(825020.3084, 4725796.2542);{}
(825020.3084, 4725796.2542);(824929.1953, 4726750.905);{}
(826316.7242, 4726100.9623);(825815.7079, 4726256.063);{}
(825815.7079, 4726256.063);(825304.2021, 4726425.927);{}
(800092.48, 4748412.3991);(800960.7136, 4748869.6824);{}
(800960.7136, 4748869.6824);(801854.8599, 4749199.8443);{}
(800417.4526, 4749787.4005);(800798.8093, 4749650.0589);{}
(800798.8093, 4749650.0589);(801154.9048, 4749624.8735);{}
(800467.4477, 4750299.9049);(800769.0677, 4750055.3417);{}
(800769.0677, 4750055.3417);(801154.9048, 4749624.8735);{}
(801042.4929, 4739812.4152);(801878.1845, 4740253.5645);{}
(801878.1845, 4740253.5645);(802354.8871, 4740449.8547);{}
(801217.4865, 4739299.9181);(801855.0963, 4739449.9228);{}
(801855.0963, 4739449.9228);(802404.8943, 4739524.8698);{}
(802754.8674, 4739574.8559);(801217.4865, 4739299.9181);{'etiqueta': 'SIN NOMBRE'}
(799942.8025, 4729387.7606);(799958.1087, 4729905.0889);{}
(799958.1087, 4729905.0889);(800530.2493, 4730150.224);{}
(801992.7229, 4726387.7777);(801682.5816, 4726731.0258);{}
(801682.5816, 4726731.0258);(801330.2514, 4727050.2822);{}
(802867.3895, 4736912.4007);(803393.5782, 4737354.4514);{}
(803393.5782, 4737354.4514);(803854.8227, 4737599.8813);{}
(804254.7963, 4738274.8737);(802867.3895, 4736912.4007);{'etiqueta': 'BARRANC DE COMADARES'}
(805667.2843, 4735387.4762);(805397.3401, 4735846.8928);{}
(805397.3401, 4735846.8928);(804904.7971, 4736149.9336);{}
(803367.3704, 4736049.9104);(804342.9288, 4736029.8338);{}
(804342.9288, 4736029.8338);(804779.8065, 4736024.9362);{}
(803417.385, 4735487.4334);(803902.3991, 4735268.987);{}
(803902.3991, 4735268.987);(804354.8548, 4735049.9666);{}
(803042.4191, 4735249.9529);(803482.2575, 4735030.6539);{}
(803482.2575, 4735030.6539);(803829.8873, 4734774.9684);{}
(804129.8741, 4734749.9745);(803042.4191, 4735249.9529);{'etiqueta': 'BARRANC DE SARTIGON'}
(802917.4889, 4733287.5368);(803348.0985, 4733589.1959);{}
(803348.0985, 4733589.1959);(803829.9224, 4733600.0143);{}
(804792.4021, 4732762.5628);(804443.9404, 4732748.6071);{}
(804443.9404, 4732748.6071);(803979.9416, 4732725.051);{}
(802992.5056, 4732562.5639);(803419.5536, 4732575.9398);{}
(803419.5536, 4732575.9398);(803929.9462, 4732650.0531);{}
(810016.9837, 4741774.8988);(809709.5546, 4741947.03);{}
(809709.5546, 4741947.03);(809404.5053, 4741999.8698);{}
(813691.7912, 4744525.0017);(813909.0016, 4744011.333);{}
(813909.0016, 4744011.333);(813804.2955, 4743450.0174);{}
(813704.3009, 4743325.0142);(813691.7912, 4744525.0017);{'etiqueta': 'SIN NOMBRE'}
(817891.637, 4742762.6997);(817802.562, 4742159.3658);{}
(817802.562, 4742159.3658);(817429.1768, 4741600.2229);{}
(816704.2056, 4741550.2033);(817891.637, 4742762.6997);{'etiqueta': 'SIN NOMBRE'}
(810779.4868, 4739887.4762);(810194.5793, 4738945.0702);{}
(810194.5793, 4738945.0702);(809404.5659, 4738324.9702);{}
(808979.5863, 4738024.9641);(810779.4868, 4739887.4762);{'etiqueta': 'ARRIU DETH HORN'}
(812079.4577, 4738812.549);(812149.761, 4738162.9216);{}
(812149.761, 4738162.9216);(812429.4651, 4737775.0877);{}
(813891.8691, 4739387.6239);(813316.2992, 4739108.5725);{}
(813316.2992, 4739108.5725);(813054.4237, 4738475.1037);{}
(812679.4517, 4737900.098);(813891.8691, 4739387.6239);{'etiqueta': 'SIN NOMBRE'}
(812679.4517, 4737900.098);(811291.9488, 4740849.9698);{'etiqueta': 'ARRIU DERA SOLANA'}
(812679.4517, 4737900.098);(815016.8031, 4740262.6574);{'etiqueta': 'SIN NOMBRE'}
(812679.4517, 4737900.098);(814166.822, 4741162.5907);{'etiqueta': 'SIN NOMBRE'}
(811291.9488, 4740849.9698);(812366.8238, 4740712.6724);{}
(812366.8238, 4740712.6724);(813354.3796, 4740025.0801);{}
(815016.8031, 4740262.6574);(814116.2117, 4740387.315);{}
(814116.2117, 4740387.315);(813379.3775, 4740075.0801);{}
(814166.822, 4741162.5907);(814135.2339, 4740534.9716);{}
(814135.2339, 4740534.9716);(813379.374, 4740250.0756);{}
(814479.3411, 4739512.6507);(814650.3527, 4738856.7056);{}
(814650.3527, 4738856.7056);(814504.3675, 4738125.1894);{}
(807417.235, 4734275.0483);(808317.2343, 4734487.7559);{}
(808317.2343, 4734487.7559);(809179.6554, 4734800.0656);{}
(809404.6423, 4735000.0648);(807417.235, 4734275.0483);{'etiqueta': 'BARRANC DES COMES'}
(809404.6423, 4735000.0648);(807217.2684, 4733425.0772);{'etiqueta': 'SIN NOMBRE'}
(807217.2684, 4733425.0772);(807814.4451, 4733575.8057);{}
(807814.4451, 4733575.8057);(808104.7165, 4733850.076);{}
(809517.1694, 4733937.5985);(810116.7021, 4734220.1599);{}
(810116.7021, 4734220.1599);(810629.6295, 4734100.1142);{}
(807942.242, 4733150.0995);(808934.001, 4733327.7669);{}
(808934.001, 4733327.7669);(810429.6597, 4733300.1305);{}
(809242.2128, 4732725.1314);(809700.8068, 4732671.8473);{}
(809700.8068, 4732671.8473);(810454.6783, 4732650.1471);{}
(811917.1865, 4730975.1925);(811059.4286, 4731192.9377);{}
(811059.4286, 4731192.9377);(810254.7042, 4731975.1628);{}
(812104.7743, 4728312.6821);(812012.9251, 4729053.573);{}
(812012.9251, 4729053.573);(811879.7331, 4729650.191);{}
(810104.7123, 4731850.1651);(812104.7743, 4728312.6821);{'etiqueta': 'SIN NOMBRE'}
(810104.7123, 4731850.1651);(812254.7633, 4728512.6828);{'etiqueta': 'SIN NOMBRE'}
(812254.7633, 4728512.6828);(812211.1606, 4728797.1937);{}
(812211.1606, 4728797.1937);(812204.7269, 4729575.1898);{}
(806642.307, 4733025.0829);(807587.2996, 4732304.0901);{}
(807587.2996, 4732304.0901);(808504.7671, 4731575.1636);{}
(807467.3028, 4731800.1427);(807820.7143, 4731598.128);{}
(807820.7143, 4731598.128);(808129.787, 4731250.1736);{}
(806617.356, 4731362.6459);(807318.6148, 4731270.7301);{}
(807318.6148, 4731270.7301);(808004.7953, 4731150.1757);{}
(812729.6131, 4732462.6779);(812638.9879, 4733180.1119);{}
(812638.9879, 4733180.1119);(812654.5774, 4733675.1594);{}
(812179.5743, 4734300.1388);(812729.6131, 4732462.6779);{'etiqueta': 'SIN NOMBRE'}
(813542.057, 4732850.2163);(813175.1179, 4733223.3336);{}
(813175.1179, 4733223.3336);(812954.5604, 4733725.1747);{}
(812429.5656, 4734325.143);(813542.057, 4732850.2163);{'etiqueta': 'SIN NOMBRE'}
(816866.7771, 4737450.3356);(816395.4316, 4737062.9306);{}
(816395.4316, 4737062.9306);(816104.3297, 4736575.3106);{}
(816179.3718, 4734650.3359);(816866.7771, 4737450.3356);{'etiqueta': 'SIN NOMBRE'}
(816179.3718, 4734650.3359);(815091.8625, 4737075.2496);{'etiqueta': 'SIN NOMBRE'}
(815091.8625, 4737075.2496);(815592.0497, 4736942.4938);{}
(815592.0497, 4736942.4938);(816004.3276, 4736850.3021);{}
(818616.6985, 4738100.3631);(819484.1143, 4737989.7619);{}
(819484.1143, 4737989.7619);(820329.1403, 4737775.4175);{}
(822216.5623, 4738962.927);(821407.6195, 4738773.351);{}
(821407.6195, 4738773.351);(820554.1222, 4738275.4083);{}
(822241.5552, 4739287.9181);(821233.3993, 4738976.945);{}
(821233.3993, 4738976.945);(820529.1216, 4738350.4054);{}
(818741.6895, 4738325.3595);(819449.6835, 4738647.1831);{}
(819449.6835, 4738647.1831);(820304.1214, 4738800.386);{}
(817391.7221, 4739287.794);(818091.9119, 4739859.4013);{}
(818091.9119, 4739859.4013);(819079.1431, 4740075.3149);{}
(820279.1204, 4738900.3824);(817391.7221, 4739287.794);{'etiqueta': "ARRIU D'ARENHO"}
(821491.5552, 4739987.8816);(821008.5094, 4739828.0799);{}
(821008.5094, 4739828.0799);(820529.0954, 4739700.365);{}
(817516.6435, 4743175.1764);(818624.3766, 4742976.7192);{}
(818624.3766, 4742976.7192);(819679.0687, 4742750.2501);{}
(819504.0517, 4744887.7046);(819501.2838, 4744109.4688);{}
(819501.2838, 4744109.4688);(819029.0791, 4743675.2083);{}
(817191.6472, 4744075.1512);(817919.9039, 4743938.8786);{}
(817919.9039, 4743938.8786);(818554.0943, 4744100.189);{}
(816991.6518, 4744462.6396);(817726.3737, 4744368.1718);{}
(817726.3737, 4744368.1718);(818329.1001, 4744475.1772);{}
(819616.7562, 4732750.513);(820349.1031, 4732553.2662);{}
(820349.1031, 4732553.2662);(820854.2028, 4732675.5682);{}
(819766.7665, 4731800.5397);(820271.5143, 4731826.0434);{}
(820271.5143, 4731826.0434);(820804.2151, 4732050.5819);{}
(820866.7162, 4728050.7138);(821532.0388, 4728157.8807);{}
(821532.0388, 4728157.8807);(822179.1532, 4728075.7926);{}
(822866.6419, 4724438.4503);(823035.4549, 4724700.9868);{}
(823035.4549, 4724700.9868);(823404.1501, 4725200.9411);{}
(821954.1415, 4727200.8239);(822866.6419, 4724438.4503);{'etiqueta': 'SIN NOMBRE'}
(822541.6329, 4725575.9069);(822068.679, 4725866.7539);{}
(822068.679, 4725866.7539);(821704.1527, 4726350.8373);{}
(822229.1202, 4724863.4281);(822081.0484, 4725381.7617);{}
(822081.0484, 4725381.7617);(821629.1552, 4725875.8489);{}
(822316.6391, 4723475.9592);(822281.7314, 4723757.505);{}
(822281.7314, 4723757.505);(821854.149, 4723950.9214);{}
(821779.1479, 4724375.9069);(822316.6391, 4723475.9592);{'etiqueta': 'SIN NOMBRE'}
(801292.3992, 4748587.3582);(801408.028, 4748804.805);{}
(801408.028, 4748804.805);(801479.8849, 4749049.8553);{}
(801854.8599, 4749199.8443);(801292.3992, 4748587.3582);{'etiqueta': 'SIN NOMBRE'}
(801854.8599, 4749199.8443);(800592.4431, 4749187.3873);{'etiqueta': 'SIN NOMBRE'}
(801854.8599, 4749199.8443);(799392.5222, 4749149.9278);{'etiqueta': 'SIN NOMBRE'}
(800592.4431, 4749187.3873);(800785.0346, 4748970.6799);{}
(800785.0346, 4748970.6799);(800979.9184, 4748874.8703);{}
(799392.5222, 4749149.9278);(800088.966, 4749090.5717);{}
(800088.966, 4749090.5717);(800654.9403, 4748749.88);{}
(800467.4493, 4749799.8989);(800628.0392, 4749745.3064);{}
(800628.0392, 4749745.3064);(800779.9293, 4749649.8865);{}
(811966.9159, 4741149.9869);(812312.9012, 4741066.5719);{}
(812312.9012, 4741066.5719);(812529.4, 4740775.0203);{}
(813354.3796, 4740025.0801);(811966.9159, 4741149.9869);{'etiqueta': 'SIN NOMBRE'}
(811892.1747, 4731375.1851);(811309.5677, 4731410.1992);{}
(811309.5677, 4731410.1992);(810879.7054, 4731325.1826);{}
(810254.7042, 4731975.1628);(811892.1747, 4731375.1851);{'etiqueta': 'SIN NOMBRE'}
(822216.5757, 4738300.4464);(821230.5059, 4738349.8729);{}
(821230.5059, 4738349.8729);(820404.1331, 4738000.4127);{}
(821366.5644, 4739662.8884);(820651.3111, 4739264.3758);{}
(820651.3111, 4739264.3758);(820354.1205, 4738750.3888);{}
(817991.7106, 4738700.3282);(818678.5458, 4738750.0968);{}
(818678.5458, 4738750.0968);(819579.1487, 4738800.367);{}
(820304.1214, 4738800.386);(817991.7106, 4738700.3282);{'etiqueta': 'SIN NOMBRE'}
(818016.617, 4743862.6775);(818527.1321, 4743578.2013);{}
(818527.1321, 4743578.2013);(819004.0821, 4743400.2116);{}
(799717.5011, 4749062.4158);(799832.9741, 4749106.9421);{}
(799832.9741, 4749106.9421);(799979.9835, 4749149.9078);{}
(800654.9403, 4748749.88);(799717.5011, 4749062.4158);{'etiqueta': 'SIN NOMBRE'}
(800654.9403, 4748749.88);(799792.4943, 4749562.4189);{'etiqueta': 'SIN NOMBRE'}
(799792.4943, 4749562.4189);(799868.9414, 4749389.9798);{}
(799868.9414, 4749389.9798);(799929.9866, 4749199.9101);{}
