WKT,COD_ESTACI,COD_PARAME,PromedioDe,valoracion,UTMX,UTMY,HUSO,NOM_DEMARC,unidades
"POINT (196456.008327566 4201666.71314142)",GV09189001,CLOROFILA A,2.15500000000,No eutrófico,"723933","4199103","29",CHGv,µg/l
"POINT (210935.130525408 4188715.48908267)",GV09399001,CLOROFILA A,4.07000000000,No eutrófico,"739208","4187114","29",CHGv,µg/l
"POINT (47921.4901678944 4702797.02792663)",14.RW.01.090,CLOROFILA A,3.97750000000,No eutrófico,"542191","4688317","29",GC,µg/l
"POINT (29137.2826606389 4683309.31111768)",14.RW.01.125P,CLOROFILA A,7.56000000000,No eutrófico,"524872","4667608","29",GC,µg/l
"POINT (30589.7733626626 4733488.88791773)",14.RW.04.100P,CLOROFILA A,10.64000000000,No eutrófico,"522781","4717629","29",GC,µg/l
"POINT (52518.3735839594 4787238.19492379)",14.RW.06.110,CLOROFILA A,8.48400000000,No eutrófico,"540776","4772663","29",GC,µg/l
"POINT (29495.2395329708 4764145.99589068)",14.RW.06.210,CLOROFILA A,7.58000000000,No eutrófico,"519517","4748048","29",GC,µg/l
"POINT (11711.4209016208 4778589.97175574)",14.RW.07.030,CLOROFILA A,7.51800000000,No eutrófico,"500800","4761148","29",GC,µg/l
"POINT (6604.95371174254 4774684.38534947)",14.RW.07.060P,CLOROFILA A,4.26500000000,No eutrófico,"496000","4756900","29",GC,µg/l
"POINT (2121.53838643897 4770394.8117617)",14.RW.07.070,CLOROFILA A,6.03200000000,No eutrófico,"491847","4752315","29",GC,µg/l
"POINT (71200.9616177613 4804222.75596624)",14.RW.11.020,CLOROFILA A,13.45000000000,No eutrófico,"558152","4790901","29",GC,µg/l
"POINT (110568.268869492 4825079.65881361)",14.RW.13.020,CLOROFILA A,3.12000000000,No eutrófico,"595842","4814489","29",GC,µg/l
"POINT (96071.3360330947 4815371.63449126)",14.RW.13.040,CLOROFILA A,1.39200000000,No eutrófico,"582107","4803782","29",GC,µg/l
"POINT (90059.4625750426 4840921.65324629)",14.RW.14.050,CLOROFILA A,37.14600000000,Eutrófico,"574284","4828783","29",GC,µg/l
"POINT (142057.759694084 4845352.57907516)",14.RW.17.095P,CLOROFILA A,7.94500000000,No eutrófico,"625739","4836947","29",GC,µg/l
"POINT (73415.1979292715 4756818.22138604)",D_1105P,CLOROFILA A,4.45400000000,No eutrófico,"563739","4743880","29",GC,µg/l
"POINT (38428.897242466 4720654.46777537)",NP25P,CLOROFILA A,4.38500000000,No eutrófico,"531487","4705415","29",GC,µg/l
"POINT (54360.2832830017 4812546.89257883)",ROEP,CLOROFILA A,39.09000000000,Eutrófico,"540797","4797977","29",GC,µg/l
"POINT (99893.8391824802 4797456.34628212)",NO00460001,CLOROFILA A,5.66666666667,No eutrófico,"587197","4786221","29",CHMS,µg/l
"POINT (226497.128081293 4755941.98994359)",NO01010012,CLOROFILA A,9.55000000000,No eutrófico,"716301","4753901","29",CHMS,µg/l
"POINT (217748.848554912 4748222.16709814)",NO01010016,CLOROFILA A,0.00000000000,No eutrófico,"708128","4745581","29",CHMS,µg/l
"POINT (113492.365762725 4730378.63798206)",NO01550001,CLOROFILA A,1.40000000000,No eutrófico,"605513","4720402","29",CHMS,µg/l
"POINT (137337.001108797 4732800.3858193)",NO01560001,CLOROFILA A,9.34761904762,No eutrófico,"629089","4724503","29",CHMS,µg/l
"POINT (208491.27066569 4724070.37609126)",NO01580001,CLOROFILA A,1.60000000000,No eutrófico,"700613","4720845","29",CHMS,µg/l
"POINT (190241.692047954 4712060.65920754)",NO01580041,CLOROFILA A,1.50000000000,No eutrófico,"683271","4707582","29",CHMS,µg/l
"POINT (72475.1713828221 4707226.54862536)",NO01860007,CLOROFILA A,1.65000000000,No eutrófico,"566314","4694455","29",CHMS,µg/l
"POINT (111605.725452657 4712278.72507972)",NO01880002,CLOROFILA A,4.31250000000,No eutrófico,"604914","4702245","29",CHMS,µg/l
"POINT (117710.624122644 4706133.30655798)",NO01880024,CLOROFILA A,1.45000000000,No eutrófico,"611427","4696556","29",CHMS,µg/l
"POINT (112354.615736777 4710815.70362374)",NO01880027,CLOROFILA A,0.00000000000,No eutrófico,"605763","4700841","29",CHMS,µg/l
"POINT (100482.244273205 4700935.5863262)",NO01880028,CLOROFILA A,0.00000000000,No eutrófico,"594638","4690166","29",CHMS,µg/l
"POINT (152772.052264971 4701791.88103068)",NO01890018,CLOROFILA A,3.80000000000,No eutrófico,"646657","4694704","29",CHMS,µg/l
"POINT (150392.079701749 4708452.61189712)",NO01890020,CLOROFILA A,7.55000000000,No eutrófico,"643816","4701172","29",CHMS,µg/l
"POINT (145664.512877388 4697025.92080919)",NO01890030,CLOROFILA A,4.00000000000,No eutrófico,"639912","4689455","29",CHMS,µg/l
"POINT (164391.010543519 4702708.84020874)",NO01900005,CLOROFILA A,1.65000000000,No eutrófico,"658169","4696437","29",CHMS,µg/l
"POINT (182363.722338964 4701737.73338593)",NO01900020,CLOROFILA A,19.30000000000,Eutrófico,"676148","4696737","29",CHMS,µg/l
"POINT (165294.119354721 4696479.99098511)",NO01900030,CLOROFILA A,7.75000000000,No eutrófico,"659508","4690294","29",CHMS,µg/l
"POINT (156453.785460609 4701595.55928192)",NO01900032,CLOROFILA A,6.50000000000,No eutrófico,"650339","4694768","29",CHMS,µg/l
"POINT (167022.147322766 4692105.79755048)",NO01910010,CLOROFILA A,19.87500000000,Eutrófico,"661538","4686057","29",CHMS,µg/l
"POINT (189695.110392393 4711073.05409665)",NO01910012,CLOROFILA A,6.80000000000,No eutrófico,"682796","4706559","29",CHMS,µg/l
"POINT (79638.0629355935 4695166.21963316)",NO02250019,CLOROFILA A,4.98750000000,No eutrófico,"574293","4682955","29",CHMS,µg/l
"POINT (127181.480923586 4695805.84817848)",NO02260010,CLOROFILA A,3.10000000000,No eutrófico,"621587","4686938","29",CHMS,µg/l
"POINT (148831.538727047 4680665.58240562)",NO02270013,CLOROFILA A,5.70000000000,No eutrófico,"644218","4673379","29",CHMS,µg/l
"POINT (185989.089311285 4707480.0044491)",NO02280008,CLOROFILA A,3.85000000000,No eutrófico,"679356","4702716","29",CHMS,µg/l
"POINT (156182.614761736 4685544.9449351)",NO02280016,CLOROFILA A,1.30000000000,No eutrófico,"651199","4678757","29",CHMS,µg/l
"POINT (70986.97180638 4680135.41111698)",NO02620003,CLOROFILA A,3.50000000000,No eutrófico,"566738","4667386","29",CHMS,µg/l
"POINT (173857.309896918 4673448.46496318)",NO02660011,CLOROFILA A,5.50000000000,No eutrófico,"669661","4667945","29",CHMS,µg/l
"POINT (170031.738984388 4668838.99385944)",NO02660012,CLOROFILA A,5.25000000000,No eutrófico,"666172","4663083","29",CHMS,µg/l
"POINT (68469.2051245691 4648908.54836206)",NO03010022,CLOROFILA A,2.90000000000,No eutrófico,"566417","4636129","29",CHMS,µg/l
"POINT (82645.1414373098 4655980.12267491)",NO03360001,CLOROFILA A,8.96666666667,No eutrófico,"580034","4644158","29",CHMS,µg/l
"POINT (90253.6254135128 4653339.74597745)",NO03360002,CLOROFILA A,6.00000000000,No eutrófico,"587793","4642061","29",CHMS,µg/l
"POINT (494550.999988776 4566710.00001416)",TA43304002,CLOROFILA A,5.38500000000,No eutrófico,"494551","4566710","30",CHT,µg/l
"POINT (474731.000052778 4539196.00004602)",TA45905001,CLOROFILA A,7.86500000000,No eutrófico,"474731","4539196","30",CHT,µg/l
"POINT (420202.999948118 4523757.99996322)",TA48205002,CLOROFILA A,0.00000000000,No eutrófico,"420203","4523758","30",CHT,µg/l
"POINT (419281.999980655 4521438.00002695)",TA48305001,CLOROFILA A,1.63000000000,No eutrófico,"419282","4521438","30",CHT,µg/l
"POINT (434609.999954781 4533035.99996545)",TA48405003,CLOROFILA A,6.87000000000,No eutrófico,"434610","4533036","30",CHT,µg/l
"POINT (452603.00002443 4533156.00000674)",TA48405006,CLOROFILA A,3.82000000000,No eutrófico,"452603","4533156","30",CHT,µg/l
"POINT (483487.999963273 4531447.99998095)",TA48504001,CLOROFILA A,1.33500000000,No eutrófico,"483488","4531448","30",CHT,µg/l
"POINT (459943.000025194 4528828.99999263)",TA48505002,CLOROFILA A,2.79500000000,No eutrófico,"459943","4528829","30",CHT,µg/l
"POINT (415227.000041243 4507659.0000428)",TA50805004,CLOROFILA A,3.54000000000,No eutrófico,"415227","4507659","30",CHT,µg/l
"POINT (430606.000028775 4506682.0000353)",TA50905004,CLOROFILA A,33.80000000000,Eutrófico,"430606","4506682","30",CHT,µg/l
"POINT (447247.99998316 4512079.00003343)",TA50905005,CLOROFILA A,5.70000000000,No eutrófico,"447248","4512079","30",CHT,µg/l
"POINT (411087.000000276 4488333.00004814)",TA53306002,CLOROFILA A,34.70000000000,Eutrófico,"411087","4488333","30",CHT,µg/l
"POINT (413286.99997346 4485652.00000446)",TA53306008,CLOROFILA A,16.26500000000,No eutrófico,"413287","4485652","30",CHT,µg/l
"POINT (433147.9999829 4488016.00002715)",TA53405005,CLOROFILA A,29.27500000000,Eutrófico,"433148","4488016","30",CHT,µg/l
"POINT (586710.000016076 4500472.00004795)",TA53901007,CLOROFILA A,1.93500000000,No eutrófico,"586710","4500472","30",CHT,µg/l
"POINT (264059.000019507 4469700.00001445)",TA55310003,CLOROFILA A,3.20000000000,No eutrófico,"264059","4469700","30",CHT,µg/l
"POINT (371172.000021633 4475892.9999881)",TA55707002,CLOROFILA A,11.94000000000,No eutrófico,"371172","4475893","30",CHT,µg/l
"POINT (384267.000013708 4472098.99997968)",TA55707005,CLOROFILA A,4.86000000000,No eutrófico,"384267","4472099","30",CHT,µg/l
"POINT (515433.000017698 4468030.00004796)",TA56201004,CLOROFILA A,1.08000000000,No eutrófico,"515433","4468030","30",CHT,µg/l
"POINT (227556.999987155 4456124.000033)",TA57410002,CLOROFILA A,84.50000000000,Eutrófico,"227557","4456124","30",CHT,µg/l
"POINT (254490.99999564 4463164.00002448)",TA57510009,CLOROFILA A,3.25000000000,No eutrófico,"254491","4463164","30",CHT,µg/l
"POINT (367370.999982469 4463441.99995845)",TA57909006,CLOROFILA A,31.80000000000,Eutrófico,"367371","4463442","30",CHT,µg/l
"POINT (393785.00000905 4465885.99999087)",TA58007012,CLOROFILA A,27.58500000000,Eutrófico,"393785","4465886","30",CHT,µg/l
"POINT (453892.999964723 4461088.99996544)",TA58205002,CLOROFILA A,4.94000000000,No eutrófico,"453893","4461089","30",CHT,µg/l
"POINT (505276.999985726 4459535.99995964)",TA58402001,CLOROFILA A,1.90000000000,No eutrófico,"505277","4459536","30",CHT,µg/l
"POINT (195205.000007438 4447718.99997283)",TA59611006,CLOROFILA A,51.35000000000,Eutrófico,"195205","4447719","30",CHT,µg/l
"POINT (240663.000017582 4438740.99999714)",TA59810001,CLOROFILA A,16.00000000000,No eutrófico,"240663","4438741","30",CHT,µg/l
"POINT (301980.999963697 4442535.99998712)",TA60009005,CLOROFILA A,57.20000000000,Eutrófico,"301981","4442536","30",CHT,µg/l
"POINT (317248.000022931 4435277.0000333)",TA60109001,CLOROFILA A,64.10000000000,Eutrófico,"317248","4435277","30",CHT,µg/l
"POINT (356305.00000312 4431531.99997391)",TA60207005,CLOROFILA A,21.30000000000,No eutrófico,"356305","4431532","30",CHT,µg/l
"POINT (197237.999956616 4421767.00003763)",TA62112004,CLOROFILA A,7.95000000000,No eutrófico,"197238","4421767","30",CHT,µg/l
"POINT (244106.999974465 4413896.00000717)",TA62309002,CLOROFILA A,38.15000000000,Eutrófico,"244107","4413896","30",CHT,µg/l
"POINT (244449.000004512 4413528.00000593)",TA62312004,CLOROFILA A,38.30000000000,Eutrófico,"244449","4413528","30",CHT,µg/l
"POINT (342840.999975776 4429009.99995678)",TA62708004,CLOROFILA A,6.95000000000,No eutrófico,"342841","4429010","30",CHT,µg/l
"POINT (167345.000021499 4404834.99997345)",TA64812005,CLOROFILA A,42.45000000000,Eutrófico,"167345","4404835","30",CHT,µg/l
"POINT (269004.000033712 4410613.99999795)",TA65212006,CLOROFILA A,100.70000000000,Eutrófico,"269004","4410614","30",CHT,µg/l
"POINT (287531.999978333 4409294.99997898)",TA65312005,CLOROFILA A,56.60000000000,Eutrófico,"287532","4409295","30",CHT,µg/l
"POINT (321244.999998856 4404998.00000912)",TA65408002,CLOROFILA A,28.55000000000,Eutrófico,"321245","4404998","30",CHT,µg/l
"POINT (389112.000011833 4410033.00000293)",TA65608001,CLOROFILA A,34.90000000000,Eutrófico,"389112","4410033","30",CHT,µg/l
"POINT (407199.000012289 4405962.00003841)",TA65708001,CLOROFILA A,38.65000000000,Eutrófico,"407199","4405962","30",CHT,µg/l
"POINT (435561.999968051 4406479.99999422)",TA65808002,CLOROFILA A,31.80000000000,Eutrófico,"435562","4406480","30",CHT,µg/l
"POINT (110595.0000261 4400310.00004719)",TA67514001,CLOROFILA A,43.90000000000,Eutrófico,"110595","4400310","30",CHT,µg/l
"POINT (193772.000037485 4378700.00000809)",TA67714001,CLOROFILA A,104.95000000000,Eutrófico,"193772","4378700","30",CHT,µg/l
"POINT (193673.999975522 4381966.99999138)",TA67714102,CLOROFILA A,95.55000000000,Eutrófico,"193674","4381967","30",CHT,µg/l
"POINT (204150.999960484 4388266.99997921)",TA67812004,CLOROFILA A,29.20000000000,Eutrófico,"204151","4388267","30",CHT,µg/l
"POINT (381089.999971397 4387086.00002879)",TA68408001,CLOROFILA A,33.40000000000,Eutrófico,"381090","4387086","30",CHT,µg/l
"POINT (443983.999957941 4389301.00004537)",TA68608001,CLOROFILA A,154.50000000000,Eutrófico,"443984","4389301","30",CHT,µg/l
"POINT (216350.0000261 4375872.00000541)",TA70413001,CLOROFILA A,29.70000000000,Eutrófico,"216350","4375872","30",CHT,µg/l
"POINT (215302.999968141 4362364.00003693)",TA70414002,CLOROFILA A,130.05000000000,Eutrófico,"215303","4362364","30",CHT,µg/l
"POINT (215106.999963286 4351455.00000019)",TA72914001,CLOROFILA A,52.80000000000,Eutrófico,"215107","4351455","30",CHT,µg/l
"POINT (216741.999977411 4347459.00002629)",TA72914002,CLOROFILA A,41.95000000000,Eutrófico,"216742","4347459","30",CHT,µg/l
"POINT (220735.000022739 4346121.00004671)",TA72914003,CLOROFILA A,22.95000000000,No eutrófico,"220735","4346121","30",CHT,µg/l
"POINT (641899.00001516 4194552.00000376)",EAG1,CLOROFILA A,2.04999995232,No eutrófico,"641899","4194552","30",CHS,µg/l
"POINT (622555.000019951 4231488.99999493)",EAL1,CLOROFILA A,2.59999990463,No eutrófico,"622555","4231489","30",CHS,µg/l
"POINT (540906.999954323 4228582.99999969)",EAN1,CLOROFILA A,0.00000000000,No eutrófico,"540907","4228583","30",CHS,µg/l
"POINT (610690.000006588 4225512.00003835)",EAR1,CLOROFILA A,15.00000000000,No eutrófico,"610690","4225512","30",CHS,µg/l
"POINT (618080.000010413 4244399.00004114)",ECA1,CLOROFILA A,0.00000000000,No eutrófico,"618080","4244399","30",CHS,µg/l
"POINT (601932.999999875 4247797.99995918)",ECE1,CLOROFILA A,0.00000000000,No eutrófico,"601933","4247798","30",CHS,µg/l
"POINT (693422.000006795 4236737.00001517)",ECR1,CLOROFILA A,0.00000000000,No eutrófico,"693422","4236737","30",CHS,µg/l
"POINT (569178.999978621 4249528.99999191)",EFU1,CLOROFILA A,0.00000000000,No eutrófico,"569179","4249529","30",CHS,µg/l
"POINT (632642.999987493 4213580.99995673)",ELC1,CLOROFILA A,0.00000000000,No eutrófico,"632643","4213581","30",CHS,µg/l
"POINT (644233.999988695 4225292.00004334)",EOJ1,CLOROFILA A,0.00000000000,No eutrófico,"644234","4225292","30",CHS,µg/l
"POINT (686471.999962886 4210074.0000439)",EPE1,CLOROFILA A,0.00000000000,No eutrófico,"686472","4210074","30",CHS,µg/l
"POINT (603918.000031901 4177078.99995021)",EPU1,CLOROFILA A,0.00000000000,No eutrófico,"603918","4177079","30",CHS,µg/l
"POINT (667451.999968265 4218239.99999516)",ESA1,CLOROFILA A,0.00000000000,No eutrófico,"667452","4218240","30",CHS,µg/l
"POINT (564730.000017989 4227337.00002849)",ETA1,CLOROFILA A,0.00000000000,No eutrófico,"564730","4227337","30",CHS,µg/l
"POINT (599060.000030147 4262838.00000616)",ETL1,CLOROFILA A,1.89999997616,No eutrófico,"599060","4262838","30",CHS,µg/l
"POINT (631967.999971199 4298341.00004928)",LCRW,CLOROFILA A,20.56000003810,No eutrófico,"631968","4298341","30",CHS,µg/l
"POINT (697304.000024615 4228231.99999205)",LHOPON,CLOROFILA A,87.65000003580,Eutrófico,"697304","4228232","30",CHS,µg/l
"POINT (625038.999956712 4300532.00003592)",LPEN,CLOROFILA A,42.63333336510,Eutrófico,"625039","4300532","30",CHS,µg/l
"POINT (652315.999977619 4469588.9999961)",JU198,CLOROFILA A,0.00000000000,No eutrófico,"652316","4469589","30",CHJ,µg/l
"POINT (708690.000012179 4440573.99999586)",JU199,CLOROFILA A,0.00000000000,No eutrófico,"708690","4440574","30",CHJ,µg/l
"POINT (736366.000010391 4432721.99996256)",JU200,CLOROFILA A,0.00000000000,No eutrófico,"736366","4432722","30",CHJ,µg/l
"POINT (741989.999979474 4434866.00002318)",JU201,CLOROFILA A,0.50730001926,No eutrófico,"741990","4434866","30",CHJ,µg/l
"POINT (712921.999952193 4264221.99997867)",JU202,CLOROFILA A,5.12639999390,No eutrófico,"712922","4264222","30",CHJ,µg/l
"POINT (744125.000015305 4285070.99998977)",JU204,CLOROFILA A,0.00000000000,No eutrófico,"744125","4285071","30",CHJ,µg/l
"POINT (718652.99997402 4313086.00001889)",JU205,CLOROFILA A,23.15779972080,No eutrófico,"718653","4313086","30",CHJ,µg/l
"POINT (676741.99999264 4384762.00002064)",JU206,CLOROFILA A,0.66750001907,No eutrófico,"676742","4384762","30",CHJ,µg/l
"POINT (683881.999997679 4356787.99995567)",JU207,CLOROFILA A,0.00000000000,No eutrófico,"683882","4356788","30",CHJ,µg/l
"POINT (729527.999989459 4299344.99996931)",JU209,CLOROFILA A,0.77429997921,No eutrófico,"729528","4299345","30",CHJ,µg/l
"POINT (711562.999973114 4418618.00002944)",JU210,CLOROFILA A,1.28159999847,No eutrófico,"711563","4418618","30",CHJ,µg/l
"POINT (685168.999967665 4349454.00001646)",JU211,CLOROFILA A,0.00000000000,No eutrófico,"685169","4349454","30",CHJ,µg/l
"POINT (669499.999996405 4345352.00002429)",JU212,CLOROFILA A,0.00000000000,No eutrófico,"669500","4345352","30",CHJ,µg/l
"POINT (679329.999975338 4347511.99996045)",JU213,CLOROFILA A,0.00000000000,No eutrófico,"679330","4347512","30",CHJ,µg/l
"POINT (678807.999978139 4392747.0000046)",JU214,CLOROFILA A,3.87150001526,No eutrófico,"678808","4392747","30",CHJ,µg/l
"POINT (575051.999957757 4382129.99995946)",JU215,CLOROFILA A,0.00000000000,No eutrófico,"575052","4382130","30",CHJ,µg/l
"POINT (651544.999955907 4341372.00004041)",JU216,CLOROFILA A,0.00000000000,No eutrófico,"651545","4341372","30",CHJ,µg/l
"POINT (738312.000026567 4268754.00003615)",JU217,CLOROFILA A,3.63120007515,No eutrófico,"738312","4268754","30",CHJ,µg/l
"POINT (662891.99999243 4399523.99996563)",JU218,CLOROFILA A,0.56069999933,No eutrófico,"662892","4399524","30",CHJ,µg/l
"POINT (628540.000017646 4378612.99996779)",JU219,CLOROFILA A,0.00000000000,No eutrófico,"628540","4378613","30",CHJ,µg/l
"POINT (698791.000019775 4333435.99999175)",JU220,CLOROFILA A,0.50730001926,No eutrófico,"698791","4333436","30",CHJ,µg/l
"POINT (702892.999971808 4334534.00002293)",JU225,CLOROFILA A,0.00000000000,No eutrófico,"702893","4334534","30",CHJ,µg/l
"POINT (770100.000042039 4448348.99996551)",JU283,CLOROFILA A,0.00000000000,No eutrófico,"770100","4448349","30",CHJ,µg/l
"POINT (740994.999972396 4404008.99998826)",JU284,CLOROFILA A,0.77429997921,No eutrófico,"740995","4404009","30",CHJ,µg/l
"POINT (735902.999962132 4390523.99995462)",JU285,CLOROFILA A,3.20399999619,No eutrófico,"735903","4390524","30",CHJ,µg/l
"POINT (732652.999992348 4381930.99998222)",JU286,CLOROFILA A,2.80349993706,No eutrófico,"732653","4381931","30",CHJ,µg/l
"POINT (729844.999968613 4357709.99998109)",JU287,CLOROFILA A,79.78385019300,Eutrófico,"729845","4357710","30",CHJ,µg/l
"POINT (587281.000040793 4453278.00002383)",JU288,CLOROFILA A,0.00000000000,No eutrófico,"587281","4453278","30",CHJ,µg/l
"POINT (555472.000009558 4289666.99999696)",JU289,CLOROFILA A,0.64079999924,No eutrófico,"555472","4289667","30",CHJ,µg/l
"POINT (554503.000020107 4295678.999951)",JU290,CLOROFILA A,0.00000000000,No eutrófico,"554503","4295679","30",CHJ,µg/l
"POINT (606901.999990383 4286414.00003567)",JU291,CLOROFILA A,0.66750001907,No eutrófico,"606902","4286414","30",CHJ,µg/l
"POINT (582690.000021352 4425170.00004228)",JU292,CLOROFILA A,0.00000000000,No eutrófico,"582690","4425170","30",CHJ,µg/l
"POINT (596121.000036115 4426980.00002388)",JU293,CLOROFILA A,0.00000000000,No eutrófico,"596121","4426980","30",CHJ,µg/l
"POINT (572735.000023992 4427724.99999965)",JU294,CLOROFILA A,3.25740003586,No eutrófico,"572735","4427725","30",CHJ,µg/l
"POINT (613566.000018146 4449489.00002713)",JU295,CLOROFILA A,2.29620003700,No eutrófico,"613566","4449489","30",CHJ,µg/l
"POINT (753990.000015888 4306991.99999555)",JU297,CLOROFILA A,0.00000000000,No eutrófico,"753990","4306992","30",CHJ,µg/l
"POINT (715515.999957071 4236361.99998594)",JU298,CLOROFILA A,0.00000000000,No eutrófico,"715516","4236362","30",CHJ,µg/l
"POINT (737096.999964468 4442339.99999778)",JU383,CLOROFILA A,0.00000000000,No eutrófico,"737097","4442340","30",CHJ,µg/l
"POINT (731509.99997757 4347875.99995458)",JU385,CLOROFILA A,0.77429997921,No eutrófico,"731510","4347876","30",CHJ,µg/l
"POINT (581856.000033813 4424934.00001514)",JU386,CLOROFILA A,0.56069999933,No eutrófico,"581856","4424934","30",CHJ,µg/l
"POINT (733835.000044938 4329390.00001115)",JU418,CLOROFILA A,1.70879995823,No eutrófico,"733835","4329390","30",CHJ,µg/l
"POINT (659952.000028245 4304447.99996681)",JU489,CLOROFILA A,0.00000000000,No eutrófico,"659952","4304448","30",CHJ,µg/l
"POINT (692008.000012536 4461365.9999831)",JU504,CLOROFILA A,0.00000000000,No eutrófico,"692008","4461366","30",CHJ,µg/l
"POINT (724547.999953622 4407529.0000013)",JU511,CLOROFILA A,5.09969997406,No eutrófico,"724548","4407529","30",CHJ,µg/l
"POINT (788713.000030754 4474267.99995287)",JU543,CLOROFILA A,0.00000000000,No eutrófico,"788713","4474268","30",CHJ,µg/l
"POINT (747599.999999977 4413236.00001356)",JU544,CLOROFILA A,2.67000007629,No eutrófico,"747600","4413236","30",CHJ,µg/l
"POINT (713046.000015449 4335818.00001179)",JU545,CLOROFILA A,0.00000000000,No eutrófico,"713046","4335818","30",CHJ,µg/l
"POINT (414481.999953057 4758351.99998426)",EBE0001,CONCLO A,2.03000000000,No eutrófico,"414482","4758352","30",CHE,µg/l
"POINT (527982.999950462 4757464.99996441)",EBE0002,CONCLO A,3.29000000000,No eutrófico,"527983","4757465","30",CHE,µg/l
"POINT (651143.000017956 4761592.99997911)",EBE0004,CONCLO A,2.51000000000,No eutrófico,"651143","4761593","30",CHE,µg/l
"POINT (530666.000014024 4761449.00000211)",EBE0005,CONCLO A,1.55000000000,No eutrófico,"530666","4761449","30",CHE,µg/l
"POINT (621145.999999915 4759901.99995801)",EBE0006,CONCLO A,2.36000000000,No eutrófico,"621146","4759902","30",CHE,µg/l
"POINT (531144.000029068 4753521.00001704)",EBE0007,CONCLO A,2.93000000000,No eutrófico,"531144","4753521","30",CHE,µg/l
"POINT (719110.999983367 4737861.00001021)",EBE0019,CONCLO A,2.25500000000,No eutrófico,"719111","4737861","30",CHE,µg/l
"POINT (491629.999960773 4734941.99998245)",EBE0022,CONCLO A,13.10000000000,No eutrófico,"491630","4734942","30",CHE,µg/l
"POINT (720362.999955233 4731424.9999975)",EBE0025,CONCLO A,2.23500000000,No eutrófico,"720363","4731425","30",CHE,µg/l
"POINT (586647.0000049 4730775.99997547)",EBE0027,CONCLO A,1.00000000000,No eutrófico,"586647","4730776","30",CHE,µg/l
"POINT (656398.999990756 4718969.99998352)",EBE0037,CONCLO A,1.93000000000,No eutrófico,"656399","4718970","30",CHE,µg/l
"POINT (717392.999996621 4709928.99996335)",EBE0039,CONCLO A,1.11000000000,No eutrófico,"717393","4709929","30",CHE,µg/l
"POINT (540130.000013081 4706643.00003526)",EBE0040,CONCLO A,14.30000000000,No eutrófico,"540130","4706643","30",CHE,µg/l
"POINT (687585.00004097 4695265.00004597)",EBE0044,CONCLO A,7.41500000000,No eutrófico,"687585","4695265","30",CHE,µg/l
"POINT (724574.000033141 4681266.00002187)",EBE0051,CONCLO A,4.72000000000,No eutrófico,"724574","4681266","30",CHE,µg/l
"POINT (856430.999986351 4673678.00001843)",EBE0053,CONCLO A,12.73500000000,No eutrófico,"856431","4673678","30",CHE,µg/l
"POINT (717770.000005794 4673719.00002356)",EBE0054,CONCLO A,1.06000000000,No eutrófico,"717770","4673719","30",CHE,µg/l
"POINT (685366.000048604 4674452.00002503)",EBE0055,CONCLO A,3.17000000000,No eutrófico,"685366","4674452","30",CHE,µg/l
"POINT (505121.99997736 4666671.99999528)",EBE0061,CONCLO A,1.87000000000,No eutrófico,"505122","4666672","30",CHE,µg/l
"POINT (691444.000024901 4665163.00001381)",EBE0062,CONCLO A,1.97000000000,No eutrófico,"691444","4665163","30",CHE,µg/l
"POINT (852607.999990462 4657929.99995208)",EBE0063,CONCLO A,6.61000000000,No eutrófico,"852608","4657930","30",CHE,µg/l
"POINT (818878.999965381 4641665.00002218)",EBE0067,CONCLO A,8.76500000000,No eutrófico,"818879","4641665","30",CHE,µg/l
"POINT (600338.000043137 4636686.00003653)",EBE0068,CONCLO A,38.90000000000,Eutrófico,"600338","4636686","30",CHE,µg/l
"POINT (754326.999951583 4578214.99999312)",EBE0070,CONCLO A,6.28500000000,No eutrófico,"754327","4578215","30",CHE,µg/l
"POINT (661228.99996863 4587042.99998627)",EBE0071,CONCLO A,10.60000000000,No eutrófico,"661229","4587043","30",CHE,µg/l
"POINT (817777.999999608 4579864.00003857)",EBE0072,CONCLO A,8.92000000000,No eutrófico,"817778","4579864","30",CHE,µg/l
"POINT (793075.999962358 4571756.99996925)",EBE0074,CONCLO A,1.47500000000,No eutrófico,"793076","4571757","30",CHE,µg/l
"POINT (600658.000031884 4568475.99999539)",EBE0076,CONCLO A,3.36000000000,No eutrófico,"600658","4568476","30",CHE,µg/l
"POINT (681843.000048454 4560808.00003253)",EBE0077,CONCLO A,4.36000000000,No eutrófico,"681843","4560808","30",CHE,µg/l
"POINT (749938.999981349 4556883.00002164)",EBE0078,CONCLO A,3.62500000000,No eutrófico,"749939","4556883","30",CHE,µg/l
"POINT (816193.000000924 4556632.99997731)",EBE0079,CONCLO A,1.93500000000,No eutrófico,"816193","4556633","30",CHE,µg/l
"POINT (693954.000008675 4538212.99997192)",EBE0080,CONCLO A,2.61000000000,No eutrófico,"693954","4538213","30",CHE,µg/l
"POINT (734837.999994255 4531390.99996891)",EBE0082,CONCLO A,1.42500000000,No eutrófico,"734838","4531391","30",CHE,µg/l
"POINT (634486.000016305 4743635.99995124)",EBE0086,CONCLO A,2.03000000000,No eutrófico,"634486","4743636","30",CHE,µg/l
"POINT (643252.99995447 4536192.99998249)",EBE0087,CONCLO A,4.25000000000,No eutrófico,"643253","4536193","30",CHE,µg/l
"POINT (718005.999967951 4528042.00003377)",EBE0913,CONCLO A,2.42500000000,No eutrófico,"718006","4528042","30",CHE,µg/l
"POINT (780624.000000126 4577804.00004084)",EBE0949,CONCLO A,13.04000000000,No eutrófico,"780624","4577804","30",CHE,µg/l
"POINT (727272.000040942 4741011.00001091)",EBE0986,CONCLO A,1.79000000000,No eutrófico,"727272","4741011","30",CHE,µg/l
"POINT (715553.999999679 4733794.9999665)",EBE1002,CONCLO A,3.70000000000,No eutrófico,"715554","4733795","30",CHE,µg/l
"POINT (708294.999979977 4733166.99999618)",EBE1003,CONCLO A,1.22000000000,No eutrófico,"708295","4733167","30",CHE,µg/l
"POINT (821806.999998715 4726739.00004437)",EBE1020,CONCLO A,1.92000000000,No eutrófico,"821807","4726739","30",CHE,µg/l
"POINT (736068.999999871 4549656.9999917)",EBE1022,CONCLO A,3.12500000000,No eutrófico,"736069","4549657","30",CHE,µg/l
"POINT (721637.999961472 4743932.00005068)",EBE1033,CONCLO A,0.65000000000,No eutrófico,"721638","4743932","30",CHE,µg/l
"POINT (728594.000013319 4737071.99999817)",EBE1039,CONCLO A,2.56000000000,No eutrófico,"728594","4737072","30",CHE,µg/l
"POINT (716266.999990415 4735778.00003745)",EBE1051,CONCLO A,0.65000000000,No eutrófico,"716267","4735778","30",CHE,µg/l
"POINT (794213.999982113 4601021.00001014)",EBE1679,CONCLO A,7.37000000000,No eutrófico,"794214","4601021","30",CHE,µg/l
"POINT (638893.000021863 4631636.99997547)",EBE1680,CONCLO A,1.13000000000,No eutrófico,"638893","4631637","30",CHE,µg/l
"POINT (568624.000030904 4581474.99997987)",EBE1681,CONCLO A,1.00000000000,No eutrófico,"568624","4581475","30",CHE,µg/l
"POINT (603445.0000356 4603554.9999792)",EBE1804,CONCLO A,4.87000000000,No eutrófico,"603445","4603555","30",CHE,µg/l
"POINT (734556.999988009 4631103.99997787)",EBL0968,CONCLO A,107.32000000000,Eutrófico,"734557","4631104","30",CHE,µg/l
"POINT (809876.999955038 4728029.00003158)",EBL0970,CONCLO A,0.85000000000,No eutrófico,"809877","4728029","30",CHE,µg/l
"POINT (672358.999994794 4619164.99998356)",EBL0973,CONCLO A,66.56500000000,Eutrófico,"672359","4619165","30",CHE,µg/l
"POINT (686105.000022099 4608342.00000572)",EBL0976,CONCLO A,1.69000000000,No eutrófico,"686105","4608342","30",CHE,µg/l
"POINT (797107.999958636 4727136.00000848)",EBL0983,CONCLO A,0.23000000000,No eutrófico,"797108","4727136","30",CHE,µg/l
"POINT (626442.999981005 4536625.99997796)",EBL0984,CONCLO A,1.15000000000,No eutrófico,"626443","4536626","30",CHE,µg/l
"POINT (739721.999983329 4569155.00003732)",EBL0985,CONCLO A,8.48000000000,No eutrófico,"739722","4569155","30",CHE,µg/l
"POINT (735125.999979569 4547522.99997114)",EBL0988,CONCLO A,124.46000000000,Eutrófico,"735126","4547523","30",CHE,µg/l
"POINT (735062.999981053 4589405.99998785)",EBL0989,CONCLO A,29.90000000000,Eutrófico,"735063","4589406","30",CHE,µg/l
"POINT (736122.999964552 4569377.99996624)",EBL0990,CONCLO A,19.47000000000,No eutrófico,"736123","4569378","30",CHE,µg/l
"POINT (768947.999978946 4729111.99996508)",EBL1001,CONCLO A,1.82000000000,No eutrófico,"768948","4729112","30",CHE,µg/l
"POINT (549340.999994036 4703970.99998156)",EBL1007,CONCLO A,6.96500000000,No eutrófico,"549341","4703971","30",CHE,µg/l
"POINT (832052.999965164 4717805.00002739)",EBL1008,CONCLO A,0.51000000000,No eutrófico,"832053","4717805","30",CHE,µg/l
"POINT (819375.000020098 4718331.00000351)",EBL1012,CONCLO A,1.59000000000,No eutrófico,"819375","4718331","30",CHE,µg/l
"POINT (792260.000006238 4659200.000024)",EBL1014,CONCLO A,3.88500000000,No eutrófico,"792260","4659200","30",CHE,µg/l
"POINT (616716.99998114 4696835.99999893)",EBL1016,CONCLO A,9.07500000000,No eutrófico,"616717","4696836","30",CHE,µg/l
"POINT (494946.999977479 4655337.99999119)",EBL1017,CONCLO A,18.01000000000,No eutrófico,"494947","4655338","30",CHE,µg/l
"POINT (500909.000014276 4736393.00001562)",EBL1019,CONCLO A,4.30000000000,No eutrófico,"500909","4736393","30",CHE,µg/l
"POINT (749131.000041986 4731685.00002907)",EBL1027,CONCLO A,0.27000000000,No eutrófico,"749131","4731685","30",CHE,µg/l
"POINT (829248.000039547 4694444.00002675)",EBL1029,CONCLO A,2.78000000000,No eutrófico,"829248","4694444","30",CHE,µg/l
"POINT (611762.000003667 4649215.00001538)",EBL1035,CONCLO A,9.31500000000,No eutrófico,"611762","4649215","30",CHE,µg/l
"POINT (726208.999976708 4737947.99998775)",EBL1050,CONCLO A,0.65000000000,No eutrófico,"726209","4737948","30",CHE,µg/l
"POINT (611666.999988488 4732192.99999077)",EBL1677,CONCLO A,4.15000000000,No eutrófico,"611667","4732193","30",CHE,µg/l
"POINT (803752.000024516 4508446.00000712)",EBL1757,CONCLO A,1.00000000000,No eutrófico,"803752","4508446","30",CHE,µg/l
"POINT (237088.999995044 4651635.00002884)","210001",CLOROFILA A,4.25000000000,No eutrófico,"237089","4651635","30",CHD,µg/l
"POINT (204763.999987649 4490064.00002308)","210003",CLOROFILA A,11.54500000000,No eutrófico,"204764","4490064","30",CHD,µg/l
"POINT (195604.000011824 4572127.00001103)","210004",CLOROFILA A,6.30000000000,No eutrófico,"195604","4572127","30",CHD,µg/l
"POINT (472249.000028343 4677927.00004552)","210006",CLOROFILA A,2.20000000000,No eutrófico,"472249","4677927","30",CHD,µg/l
"POINT (278489.999987802 4456654.0000068)","210008",CLOROFILA A,3.27000000000,No eutrófico,"278490","4456654","30",CHD,µg/l
"POINT (262529.999996156 4753236.99996729)","210010",CLOROFILA A,1.24000000000,No eutrófico,"262530","4753237","30",CHD,µg/l
"POINT (357828.000014642 4752312.00003898)","210014",CLOROFILA A,1.66000000000,No eutrófico,"357828","4752312","30",CHD,µg/l
"POINT (186104.999998323 4671249.00003586)","210015",CLOROFILA A,2.79000000000,No eutrófico,"186105","4671249","30",CHD,µg/l
"POINT (274056.000017376 4756540.00003506)","210016",CLOROFILA A,1.24000000000,No eutrófico,"274056","4756540","30",CHD,µg/l
"POINT (208286.999968756 4657977.99995871)","210017",CLOROFILA A,1.62500000000,No eutrófico,"208287","4657978","30",CHD,µg/l
"POINT (374692.000042903 4747375.99998432)","210020",CLOROFILA A,3.02000000000,No eutrófico,"374692","4747376","30",CHD,µg/l
"POINT (236461.999995993 4608091.00001431)","210021",CLOROFILA A,13.12500000000,No eutrófico,"236462","4608091","30",CHD,µg/l
"POINT (520940.999977847 4633867.00002702)","210022",CLOROFILA A,2.42000000000,No eutrófico,"520941","4633867","30",CHD,µg/l
"POINT (377152.999955635 4504105.99995709)","210178",CLOROFILA A,6.06000000000,No eutrófico,"377153","4504106","30",CHD,µg/l
"POINT (271624.000048674 4464870.0000157)","210184",CLOROFILA A,2.91000000000,No eutrófico,"271624","4464870","30",CHD,µg/l
"POINT (306305.999979005 4458130.99997748)","210186",CLOROFILA A,2.70000000000,No eutrófico,"306306","4458131","30",CHD,µg/l
"POINT (190350.000013768 4478708.99999019)","210187",CLOROFILA A,7.60000000000,No eutrófico,"190350","4478709","30",CHD,µg/l
"POINT (311046.000006936 4584781.99996501)","210188",CLOROFILA A,79.36250000000,Eutrófico,"311046","4584782","30",CHD,µg/l
"POINT (187036.000018832 4678661.99996077)","210189",CLOROFILA A,3.00000000000,No eutrófico,"187036","4678662","30",CHD,µg/l
"POINT (455946.99997789 4594821.99998793)","210190",CLOROFILA A,3.99000000000,No eutrófico,"455947","4594822","30",CHD,µg/l
"POINT (406091.000018421 4522313.00003407)","210192",CLOROFILA A,15.11500000000,No eutrófico,"406091","4522313","30",CHD,µg/l
"POINT (413315.000015195 4529305.00003847)","210193",CLOROFILA A,4.78000000000,No eutrófico,"413315","4529305","30",CHD,µg/l
"POINT (313817.999981895 4757717.99999449)","210194",CLOROFILA A,2.05000000000,No eutrófico,"313818","4757718","30",CHD,µg/l
"POINT (183603.000016322 4668918.00002688)","210195",CLOROFILA A,2.47000000000,No eutrófico,"183603","4668918","30",CHD,µg/l
"POINT (544179.000026529 4618127.99996618)","210196",CLOROFILA A,31.28000000000,Eutrófico,"544179","4618128","30",CHD,µg/l
"POINT (377560.999965026 4752490.00003037)","210197",CLOROFILA A,2.65000000000,No eutrófico,"377561","4752490","30",CHD,µg/l
"POINT (306302.999987697 4540603.99996531)","210200",CLOROFILA A,15.50500000000,No eutrófico,"306303","4540604","30",CHD,µg/l
"POINT (264045.999957516 4596086.9999551)","210201",CLOROFILA A,166.16750000000,Eutrófico,"264046","4596087","30",CHD,µg/l
"POINT (191894.999998476 4669847.00003141)","210203",CLOROFILA A,2.48000000000,No eutrófico,"191895","4669847","30",CHD,µg/l
"POINT (182797.999992098 4553995.99997062)","210204",CLOROFILA A,8.22500000000,No eutrófico,"182798","4553996","30",CHD,µg/l
"POINT (272655.000016104 4737554.00001531)","210205",CLOROFILA A,1.25000000000,No eutrófico,"272655","4737554","30",CHD,µg/l
"POINT (187577.00000756 4667564.99999015)","210208",CLOROFILA A,5.34000000000,No eutrófico,"187577","4667565","30",CHD,µg/l
"POINT (471627.000031731 4683748.00001271)","210211",CLOROFILA A,0.67000000000,No eutrófico,"471627","4683748","30",CHD,µg/l
"POINT (221216.999976554 4652934.00005029)","210212",CLOROFILA A,4.30000000000,No eutrófico,"221217","4652934","30",CHD,µg/l
"POINT (247737.000010401 4726913.99996937)","210217",CLOROFILA A,2.46000000000,No eutrófico,"247737","4726914","30",CHD,µg/l
"POINT (250765.000016785 4594088.99997909)","210218",CLOROFILA A,38.95000000000,Eutrófico,"250765","4594089","30",CHD,µg/l
"POINT (354331.999984472 4749728.00000656)","210262",CLOROFILA A,2.98000000000,No eutrófico,"354332","4749728","30",CHD,µg/l
"POINT (391049.000050464 4738741.00001046)","210266",CLOROFILA A,1.78000000000,No eutrófico,"391049","4738741","30",CHD,µg/l
"POINT (536835.999990572 4632678.9999997)","210282",CLOROFILA A,0.56000000000,No eutrófico,"536836","4632679","30",CHD,µg/l
"POINT (255223.000020692 4609395.99997235)","210286",CLOROFILA A,12.97500000000,No eutrófico,"255223","4609396","30",CHD,µg/l
"POINT (229038.999996738 4569657.99999427)","210289",CLOROFILA A,9.77500000000,No eutrófico,"229039","4569658","30",CHD,µg/l
"POINT (287577.999953497 4521930.99996106)","210293",CLOROFILA A,4.75500000000,No eutrófico,"287578","4521931","30",CHD,µg/l
"POINT (283955.999972948 4496789.99997362)","210298",CLOROFILA A,7.14000000000,No eutrófico,"283956","4496790","30",CHD,µg/l
"POINT (360990.00003711 4492788.00002839)","210299",CLOROFILA A,2.97000000000,No eutrófico,"360990","4492788","30",CHD,µg/l
"POINT (356601.999971264 4505706.00005062)","210533",CLOROFILA A,20.57500000000,No eutrófico,"356602","4505706","30",CHD,µg/l
"POINT (360141.999956051 4068964.99999129)",MA0000001A,CLOROFILA A,2.69100000000,No eutrófico,"360142","4068965","30",CMA,µg/l
"POINT (336991.999982165 4101872.99998273)",MA00000030,CLOROFILA A,19.64142857140,Eutrófico,"336992","4101873","30",CMA,µg/l
"POINT (456434.999985511 4079383.00002824)",MA00000098,CLOROFILA A,1.85833333333,No eutrófico,"456435","4079383","30",CMA,µg/l
"POINT (343446.000024291 4108132.00000804)",MA00000614,CLOROFILA A,92.79764705880,Eutrófico,"343446","4108132","30",CMA,µg/l
"POINT (504857.999986768 4067382.99996317)",MA00000615,CLOROFILA A,9.23000000000,Eutrófico,"504858","4067383","30",CMA,µg/l
"POINT (335890.999958916 4100294.0000341)",MA00MD0143,CLOROFILA A,35.17500000000,Eutrófico,"335891","4100294","30",CMA,µg/l
"POINT (384375.999973299 4107627.00004349)",MA00MD0144,CLOROFILA A,2.88285714286,No eutrófico,"384376","4107627","30",CMA,µg/l
"POINT (470789.000015523 4100931.99996515)",MA00MD0153,CLOROFILA A,0.34140000000,No eutrófico,"470789","4100932","30",CMA,µg/l
"POINT (445534.999965444 4095295.99999453)",MA00MD0154,CLOROFILA A,1.10444444444,No eutrófico,"445535","4095296","30",CMA,µg/l
"POINT (522974.999993392 4068254.99996372)",MA00MD0200,CLOROFILA A,8.06250000000,Eutrófico,"522975","4068255","30",CMA,µg/l
"POINT (597655.000006947 4132000.99999747)",MA1014B001,CLOROFILA A,0.95800000000,No eutrófico,"597655","4132001","30",CMA,µg/l
"POINT (508971.000044118 4112954.99995138)",MA1028B001,CLOROFILA A,4.00500000000,No eutrófico,"508971","4112955","30",CMA,µg/l
"POINT (340321.999982989 4090303.00002683)",MA1038B002,CLOROFILA A,0.99258333333,No eutrófico,"340322","4090303","30",CMA,µg/l
"POINT (339339.999998625 4089684.00003078)",MA1038B003,CLOROFILA A,0.84316666667,No eutrófico,"339340","4089684","30",CMA,µg/l
"POINT (339525.000015237 4088763.99995051)",MA1038B004,CLOROFILA A,0.90375000000,No eutrófico,"339525","4088764","30",CMA,µg/l
"POINT (343147.000016173 4085671.99995127)",MA1038B005,CLOROFILA A,1.17316666667,No eutrófico,"343147","4085672","30",CMA,µg/l
"POINT (396698.999978516 4080623.99998762)",MA1040B003,CLOROFILA A,1.00583333333,No eutrófico,"396699","4080624","30",CMA,µg/l
"POINT (452053.000005797 4085700.00000994)",MA1041B005,CLOROFILA A,4.31666666667,No eutrófico,"452053","4085700","30",CMA,µg/l
"POINT (497557.999964776 4081505.00002325)",MA1043B006,CLOROFILA A,0.91350000000,No eutrófico,"497558","4081505","30",CMA,µg/l
"POINT (372196.000004989 4069364.99996577)",MA1053B003,CLOROFILA A,1.02958333333,No eutrófico,"372196","4069365","30",CMA,µg/l
"POINT (366614.000032184 4074458.99998193)",MA1053B009,CLOROFILA A,1.79225000000,No eutrófico,"366614","4074459","30",CMA,µg/l
"POINT (324597.000037608 4045217.99995399)",MA1065B003,CLOROFILA A,4.30083333333,No eutrófico,"324597","4045218","30",CMA,µg/l
"POINT (271432.000007889 4012843.00001709)",MA1074B002,CLOROFILA A,1.79500000000,No eutrófico,"271432","4012843","30",CMA,µg/l
"POINT (278823.000005648 4020834.9999748)",MA1075B002,CLOROFILA A,1.40175000000,No eutrófico,"278823","4020835","30",CMA,µg/l
"POINT (831772.999979513 4561382.99999247)","020002000",CLOROFILA A,3.95000000000,No eutrófico,"831773","4561383","30",CIC,µg/l
"POINT (975997.999966118 4679279.99999644)","045040100",CLOROFILA A,1.50000000000,No eutrófico,"975998","4679280","30",CIC,µg/l
"POINT (863006.999994243 4569760.00002836)","060006000",CLOROFILA A,33.85000000000,Eutrófico,"863007","4569760","30",CIC,µg/l
"POINT (889046.999998039 4577438.99999916)","080007000",CLOROFILA A,54.45000000000,Eutrófico,"889047","4577439","30",CIC,µg/l
"POINT (901403.00002334 4679750.00000529)","100007000",CLOROFILA A,12.95000000000,No eutrófico,"901403","4679750","30",CIC,µg/l
"POINT (880342.999980181 4671869.99998709)","100048000",CLOROFILA A,1.60000000000,No eutrófico,"880343","4671870","30",CIC,µg/l
"POINT (881459.000005876 4656120.99997045)","100051000",CLOROFILA A,1.30000000000,No eutrófico,"881459","4656121","30",CIC,µg/l
"POINT (944366.999981889 4632470.00000647)","110009000",CLOROFILA A,2.30000000000,No eutrófico,"944367","4632470","30",CIC,µg/l
"POINT (954674.99996335 4638591.00004634)","140007500",CLOROFILA A,40.40000000000,Eutrófico,"954675","4638591","30",CIC,µg/l
"POINT (948616.999957155 4660598.00004719)","200022000",CLOROFILA A,11.65000000000,No eutrófico,"948617","4660598","30",CIC,µg/l
"POINT (957642.999979227 4662051.00004788)","200022300",CLOROFILA A,11.00000000000,No eutrófico,"957643","4662051","30",CIC,µg/l
"POINT (962019.999977811 4663243.99998483)","200022700",CLOROFILA A,19.25000000000,No eutrófico,"962020","4663244","30",CIC,µg/l
"POINT (980644.000038177 4704329.99998373)","220001500",CLOROFILA A,2.00000000000,No eutrófico,"980644","4704330","30",CIC,µg/l
"POINT (1003659.99996702 4700012.00004626)",H100201000,CLOROFILA A,153.30000000000,Eutrófico,"1003660","4700012","30",CIC,µg/l
"POINT (1005455.99997271 4698636.99996943)",H100202000,CLOROFILA A,1001.80000000000,Eutrófico,"1005456","4698637","30",CIC,µg/l
"POINT (1005274.99999417 4697940.0000151)",H100203000,CLOROFILA A,8.20000000000,No eutrófico,"1005275","4697940","30",CIC,µg/l
"POINT (1010472.00002751 4667620.00004672)",H100601000,CLOROFILA A,105.70000000000,Eutrófico,"1010472","4667620","30",CIC,µg/l
"POINT (987389.999952233 4694467.00000812)",H103005000,CLOROFILA A,4.80000000000,No eutrófico,"987390","4694467","30",CIC,µg/l
"POINT (1003010.0000025 4692822.99996682)",H103010000,CLOROFILA A,36.25000000000,Eutrófico,"1003010","4692823","30",CIC,µg/l
"POINT (1002476.99996336 4687509.99999948)",H104001000,CLOROFILA A,46.25000000000,Eutrófico,"1002477","4687510","30",CIC,µg/l
"POINT (969587.999989908 4679959.00004176)",H104003000,CLOROFILA A,16.85000000000,No eutrófico,"969588","4679959","30",CIC,µg/l
"POINT (969770.999964366 4678665.99999603)",H104004000,CLOROFILA A,138.70000000000,Eutrófico,"969771","4678666","30",CIC,µg/l
"POINT (977163.999981665 4643756.00001644)",H105001000,CLOROFILA A,22.90000000000,No eutrófico,"977164","4643756","30",CIC,µg/l
"POINT (973833.99996242 4637282.0000271)",H105002000,CLOROFILA A,18.60000000000,No eutrófico,"973834","4637282","30",CIC,µg/l
"POINT (974482.999957312 4634377.99998504)",H105003000,CLOROFILA A,5.40000000000,No eutrófico,"974483","4634378","30",CIC,µg/l
"POINT (976196.000003478 4633299.0000181)",H105005000,CLOROFILA A,33.15000000000,Eutrófico,"976196","4633299","30",CIC,µg/l
"POINT (974587.000002681 4632130.99995099)",H105006000,CLOROFILA A,9.90000000000,No eutrófico,"974587","4632131","30",CIC,µg/l
"POINT (1010754.00001271 4700412.99995947)",H150002000,CLOROFILA A,104.85000000000,Eutrófico,"1010754","4700413","30",CIC,µg/l
"POINT (850923.000014787 4556062.99997729)",H190001000,CLOROFILA A,6.00000000000,No eutrófico,"850923","4556063","30",CIC,µg/l
"POINT (267466.00001239 4825470.00003796)",NO00130008,CLOROFILA A,5.30000000000,No eutrófico,"267466","4825470","30",CHCOcc,µg/l
"POINT (277390.000028946 4820246.00000665)",NO00140008,CLOROFILA A,28.75000000000,Eutrófico,"277390","4820246","30",CHCOcc,µg/l
"POINT (198681.000038336 4820747.00003803)",NO00260002,CLOROFILA A,7.25000000000,No eutrófico,"198681","4820747","30",CHCOcc,µg/l
"POINT (189670.000021634 4810735.0000118)",NO00260004,CLOROFILA A,7.05000000000,No eutrófico,"189670","4810735","30",CHCOcc,µg/l
"POINT (260022.00001786 4805998.00004559)",NO00280001,CLOROFILA A,2.05000000000,No eutrófico,"260022","4805998","30",CHCOcc,µg/l
"POINT (428529.00001069 4804134.99998512)",NO00340010,CLOROFILA A,2.95000000000,No eutrófico,"428529","4804135","30",CHCOcc,µg/l
"POINT (187484.999986121 4794394.9999933)",NO00500004,CLOROFILA A,8.40000000000,No eutrófico,"187485","4794395","30",CHCOcc,µg/l
"POINT (231991.99998938 4801727.00001924)",NO00510001,CLOROFILA A,10.75000000000,No eutrófico,"231992","4801727","30",CHCOcc,µg/l
"POINT (495486.000033227 4766165.99997356)",NO00860008,CONCLO A,7.20000000000,No eutrófico,"495486","4766166","30",CHCOr,µg/l
"POINT (539883.000036979 4778873.00000643)",AIX-EMB,CONCLO A,1.40650000000,No eutrófico,"539883","4778873","30",CHCOr,µg/l
"POINT (553462.000006488 4762273.00003203)",BAR-EMB,CONCLO A,1.86150000000,No eutrófico,"553462","4762273","30",CHCOr,µg/l
"POINT (562907.999981947 4775372.99997328)",IBA-EMB,CONCLO A,9.47500000000,No eutrófico,"562908","4775373","30",CHCOr,µg/l
"POINT (543139.999955758 4763533.00005277)",URK-EMB,CONCLO A,2.26000000000,No eutrófico,"543140","4763533","30",CHCOr,µg/l
"POINT (208922.000038516 4221458.99996756)","400085",CLOROFILA A,10.15000000000,No eutrófico,"208922","4221459","30",CHGn,µg/l
"POINT (296498.999985338 4369362.99997709)","400094",CLOROFILA A,2.20000000000,No eutrófico,"296499","4369363","30",CHGn,µg/l
"POINT (122611.999990706 4164375.99996204)","400118",CLOROFILA A,28.00000000000,Eutrófico,"122612","4164376","30",CHGn,µg/l
"POINT (245354.000033546 4244639.99998337)","400130",CLOROFILA A,3.80000000000,No eutrófico,"245354","4244640","30",CHGn,µg/l
"POINT (174416.999998568 4274985.00002535)","400131",CLOROFILA A,12.55000000000,No eutrófico,"174417","4274985","30",CHGn,µg/l
"POINT (324815.999983754 4267894.99999202)","400136",CLOROFILA A,73.50000000000,Eutrófico,"324816","4267895","30",CHGn,µg/l
"POINT (418970.000025873 4331474.9999759)","400357",CLOROFILA A,2.40000000000,No eutrófico,"418970","4331475","30",CHGn,µg/l
"POINT (392031.999984762 4358413.00003441)","400359",CLOROFILA A,0.00000000000,No eutrófico,"392032","4358413","30",CHGn,µg/l
"POINT (286662.000034831 4346045.00002337)","400363",CLOROFILA A,11.65000000000,No eutrófico,"286662","4346045","30",CHGn,µg/l
"POINT (294151.000024942 4363130.00001751)","400364",CLOROFILA A,0.00000000000,No eutrófico,"294151","4363130","30",CHGn,µg/l
"POINT (284714.00004281 4349459.00003673)","400365",CLOROFILA A,2.65000000000,No eutrófico,"284714","4349459","30",CHGn,µg/l
"POINT (271454.999994678 4341634.99995087)","400366",CLOROFILA A,4.00000000000,No eutrófico,"271455","4341635","30",CHGn,µg/l
"POINT (208549.99996663 4318835.00001154)","400368",CLOROFILA A,4.85000000000,No eutrófico,"208550","4318835","30",CHGn,µg/l
"POINT (194814.99998025 4318757.00003982)","400371",CLOROFILA A,10.80000000000,No eutrófico,"194815","4318757","30",CHGn,µg/l
"POINT (165848.000013555 4340770.00000721)","400373",CLOROFILA A,11.25000000000,No eutrófico,"165848","4340770","30",CHGn,µg/l
"POINT (499416.999984104 4323421.99998144)","400375",CLOROFILA A,1.25000000000,No eutrófico,"499417","4323422","30",CHGn,µg/l
"POINT (413752.000011492 4323809.00001307)","400377",CLOROFILA A,148.00000000000,Eutrófico,"413752","4323809","30",CHGn,µg/l
"POINT (326371.000005101 4360164.00003619)","400379",CLOROFILA A,0.00000000000,No eutrófico,"326371","4360164","30",CHGn,µg/l
"POINT (311202.000016717 4335073.00004536)","400384",CLOROFILA A,7.00000000000,No eutrófico,"311202","4335073","30",CHGn,µg/l
"POINT (280187.999954483 4318276.99997706)","400388",CLOROFILA A,1.40000000000,No eutrófico,"280188","4318277","30",CHGn,µg/l
"POINT (202850.999977794 4313900.00004062)","400392",CLOROFILA A,85.50000000000,Eutrófico,"202851","4313900","30",CHGn,µg/l
"POINT (485370.999973065 4302112.99997853)","400393",CLOROFILA A,6.50000000000,No eutrófico,"485371","4302113","30",CHGn,µg/l
"POINT (475915.000032522 4282675.00001395)","400394",CLOROFILA A,6.40000000000,No eutrófico,"475915","4282675","30",CHGn,µg/l
"POINT (431636.000041883 4290571.99996433)","400395",CLOROFILA A,154.00000000000,Eutrófico,"431636","4290572","30",CHGn,µg/l
"POINT (290758.999985958 4309856.00000207)","400396",CLOROFILA A,2.05000000000,No eutrófico,"290759","4309856","30",CHGn,µg/l
"POINT (285084.999950595 4310492.99995733)","400402",CLOROFILA A,1.05000000000,No eutrófico,"285085","4310493","30",CHGn,µg/l
"POINT (227867.000005499 4269593.00001171)","400404",CLOROFILA A,23.35000000000,No eutrófico,"227867","4269593","30",CHGn,µg/l
"POINT (215949.999953837 4298262.99995391)","400405",CLOROFILA A,6.60000000000,No eutrófico,"215950","4298263","30",CHGn,µg/l
"POINT (100648.999954321 4166413.99999351)","400410",CLOROFILA A,1.50000000000,No eutrófico,"100649","4166414","30",CHGn,µg/l
"POINT (313466.999971072 4349277.00005106)","400416",CLOROFILA A,21.80000000000,No eutrófico,"313467","4349277","30",CHGn,µg/l
"POINT (150157.00001661 4289735.99998197)","400418",CLOROFILA A,19.55000000000,No eutrófico,"150157","4289736","30",CHGn,µg/l
"POINT (157978.000046004 4265581.00003193)","400419",CLOROFILA A,51.00000000000,Eutrófico,"157978","4265581","30",CHGn,µg/l
"POINT (181809.000051257 4246342.00004162)","400420",CLOROFILA A,11.35000000000,No eutrófico,"181809","4246342","30",CHGn,µg/l
"POINT (526177.000025881 4413182.99996348)","400422",CLOROFILA A,0.00000000000,No eutrófico,"526177","4413183","30",CHGn,µg/l
"POINT (472825.99997274 4383485.00004553)","400423",CLOROFILA A,65.00000000000,Eutrófico,"472826","4383485","30",CHGn,µg/l
"POINT (469312.999995967 4376560.00003719)","400424",CLOROFILA A,19.00000000000,No eutrófico,"469313","4376560","30",CHGn,µg/l
"POINT (470148.999979468 4373373.00004984)","400425",CLOROFILA A,45.00000000000,Eutrófico,"470149","4373373","30",CHGn,µg/l
"POINT (472625.999983642 4375695.99999274)","400426",CLOROFILA A,0.00000000000,No eutrófico,"472626","4375696","30",CHGn,µg/l
"POINT (477869.999992678 4372130.00002965)","400427",CLOROFILA A,24.00000000000,No eutrófico,"477870","4372130","30",CHGn,µg/l
"POINT (475634.999988808 4363085.99999401)","400429",CLOROFILA A,136.00000000000,Eutrófico,"475635","4363086","30",CHGn,µg/l
"POINT (477804.00000782 4362570.99996838)","400430",CLOROFILA A,7.30000000000,No eutrófico,"477804","4362571","30",CHGn,µg/l
"POINT (510572.000023928 4360196.00002018)","400431",CLOROFILA A,0.00000000000,No eutrófico,"510572","4360196","30",CHGn,µg/l
"POINT (511677.999952618 4363095.9999742)","400433",CLOROFILA A,0.00000000000,No eutrófico,"511678","4363096","30",CHGn,µg/l
"POINT (485261.999972992 4368314.00005148)","400434",CLOROFILA A,4.70000000000,No eutrófico,"485262","4368314","30",CHGn,µg/l
"POINT (513953.999999621 4364759.99999512)","400435",CLOROFILA A,4.60000000000,No eutrófico,"513954","4364760","30",CHGn,µg/l
"POINT (524434.999985744 4362061.99997644)","400436",CLOROFILA A,16.00000000000,No eutrófico,"524435","4362062","30",CHGn,µg/l
"POINT (418733.999955667 4337044.99995981)","400437",CLOROFILA A,0.00000000000,No eutrófico,"418734","4337045","30",CHGn,µg/l
"POINT (509120.999973101 4314613.00000842)","400438",CLOROFILA A,0.00000000000,No eutrófico,"509121","4314613","30",CHGn,µg/l
"POINT (510852.000034213 4312221.00002922)","400439",CLOROFILA A,0.00000000000,No eutrófico,"510852","4312221","30",CHGn,µg/l
"POINT (516301.999956942 4307971.00003834)","400440",CLOROFILA A,0.00000000000,No eutrófico,"516302","4307971","30",CHGn,µg/l
"POINT (514189.000046958 4309223.99996011)","400441",CLOROFILA A,1.15000000000,No eutrófico,"514189","4309224","30",CHGn,µg/l
"POINT (512183.000002097 4311328.99997762)","400444",CLOROFILA A,0.00000000000,No eutrófico,"512183","4311329","30",CHGn,µg/l
"POINT (511755.000029785 4311608.99996316)","400445",CLOROFILA A,0.00000000000,No eutrófico,"511755","4311609","30",CHGn,µg/l
"POINT (511839.999992266 4311282.99997519)","400446",CLOROFILA A,0.00000000000,No eutrófico,"511840","4311283","30",CHGn,µg/l
"POINT (512537.000006747 4310339.99997657)","400447",CLOROFILA A,0.00000000000,No eutrófico,"512537","4310340","30",CHGn,µg/l
"POINT (513133.999958876 4310032.99997098)","400448",CLOROFILA A,0.00000000000,No eutrófico,"513134","4310033","30",CHGn,µg/l
"POINT (514033.999991723 4308866.00002864)","400449",CLOROFILA A,0.00000000000,No eutrófico,"514034","4308866","30",CHGn,µg/l
"POINT (509683.000052735 4312995.00004381)","400451",CLOROFILA A,0.00000000000,No eutrófico,"509683","4312995","30",CHGn,µg/l
"POINT (427664.000044671 4308179.00002373)","400452",CLOROFILA A,4.60000000000,No eutrófico,"427664","4308179","30",CHGn,µg/l
"POINT (434231.999964263 4329511.99996836)","400477",CLOROFILA A,5.40000000000,No eutrófico,"434232","4329512","30",CHGn,µg/l
"POINT (176908.000019014 4250624.99998591)","400504",CLOROFILA A,62.00000000000,Eutrófico,"176908","4250625","30",CHGn,µg/l
"POINT (343492.000037227 4289363.99999228)","400506",CLOROFILA A,5.05000000000,No eutrófico,"343492","4289364","30",CHGn,µg/l
"POINT (223595.999997417 4320360.00004469)","400507",CLOROFILA A,12.60000000000,No eutrófico,"223596","4320360","30",CHGn,µg/l
"POINT (354835.999954029 4287844.00000334)","400508",CLOROFILA A,555.50000000000,Eutrófico,"354836","4287844","30",CHGn,µg/l
"POINT (276557.000008647 4256938.9999709)","400513",CLOROFILA A,3.25000000000,No eutrófico,"276557","4256939","30",CHGn,µg/l
"POINT (197901.000007336 4259608.99998316)","400516",CLOROFILA A,2.30000000000,No eutrófico,"197901","4259609","30",CHGn,µg/l
"POINT (472299.000045982 4394811.00002421)","400518",CLOROFILA A,72.00000000000,Eutrófico,"472299","4394811","30",CHGn,µg/l
"POINT (409276.999985516 4340904.9999659)","400542",CLOROFILA A,6.00000000000,No eutrófico,"409277","4340905","30",CHGn,µg/l
"POINT (376348.000040838 4365263.99998596)","400544",CLOROFILA A,0.00000000000,No eutrófico,"376348","4365264","30",CHGn,µg/l
"POINT (151643.000009787 4309097.99995773)","400563",CLOROFILA A,17.00000000000,No eutrófico,"151643","4309098","30",CHGn,µg/l
"POINT (515421.000000088 4308505.00003984)","400570",CLOROFILA A,0.00000000000,No eutrófico,"515421","4308505","30",CHGn,µg/l
"POINT (471013.999996416 4366880.00001976)","400578",CLOROFILA A,0.00000000000,No eutrófico,"471014","4366880","30",CHGn,µg/l
"POINT (504817.999973073 4362834.99999738)","400583",CLOROFILA A,9.50000000000,No eutrófico,"504818","4362835","30",CHGn,µg/l
"POINT (408556.000043652 4310559.00003495)","400587",CLOROFILA A,0.00000000000,No eutrófico,"408556","4310559","30",CHGn,µg/l
"POINT (392171.999959825 4299775.000031)","400588",CLOROFILA A,0.00000000000,No eutrófico,"392172","4299775","30",CHGn,µg/l
"POINT (382179.000007198 4313040.00001656)","400589",CLOROFILA A,0.00000000000,No eutrófico,"382179","4313040","30",CHGn,µg/l
"POINT (174167.000017151 4288672.99995473)","400590",CLOROFILA A,0.00000000000,No eutrófico,"174167","4288673","30",CHGn,µg/l
"POINT (517751.999968614 4302905.99995765)","400591",CLOROFILA A,0.00000000000,No eutrófico,"517752","4302906","30",CHGn,µg/l
"POINT (194818.99995414 4276116.00003677)","400592",CLOROFILA A,21.00000000000,No eutrófico,"194819","4276116","30",CHGn,µg/l
"POINT (262998.000017481 4347939.9999814)","400609",CLOROFILA A,106.00000000000,Eutrófico,"262998","4347940","30",CHGn,µg/l
"POINT (129613.000012148 4276220.00002459)","400633",CLOROFILA A,23.00000000000,No eutrófico,"129613","4276220","30",CHGn,µg/l
"POINT (265153.999991178 4281709.00004707)","400639",CLOROFILA A,10.40000000000,No eutrófico,"265154","4281709","30",CHGn,µg/l
"POINT (122885.999972507 4263322.99997425)","400646",CLOROFILA A,12.00000000000,No eutrófico,"122886","4263323","30",CHGn,µg/l
"POINT (135642.000011179 4299213.99996589)","400648",CLOROFILA A,15.80000000000,No eutrófico,"135642","4299214","30",CHGn,µg/l
"POINT (143519.999995328 4335551.00002282)","400649",CLOROFILA A,3.35000000000,No eutrófico,"143520","4335551","30",CHGn,µg/l
"POINT (342142.000018405 4374407.99997785)","400651",CLOROFILA A,10.90000000000,No eutrófico,"342142","4374408","30",CHGn,µg/l
"POINT (375033.999949089 4296226.99997413)","400652",CLOROFILA A,30.95000000000,Eutrófico,"375034","4296227","30",CHGn,µg/l
"POINT (357635.999999239 4324578.99998609)","400653",CLOROFILA A,2.10000000000,No eutrófico,"357636","4324579","30",CHGn,µg/l
"POINT (150986.693185269 4212016.42380496)","400654",CLOROFILA A,38.30000000000,Eutrófico,"150987","4212016","30",CHGn,µg/l
"POINT (170322.999959168 4220099.00001498)","400655",CLOROFILA A,28.50000000000,Eutrófico,"170323","4220099","30",CHGn,µg/l
"POINT (160673.999953201 4230028.00004981)","400658",CLOROFILA A,33.50000000000,Eutrófico,"160674","4230028","30",CHGn,µg/l
"POINT (333837.000006043 4328114.9999775)","400659",CLOROFILA A,7.20000000000,No eutrófico,"333837","4328115","30",CHGn,µg/l
"POINT (346421.000042846 4285598.99996807)","400660",CLOROFILA A,50.50000000000,Eutrófico,"346421","4285599","30",CHGn,µg/l
"POINT (193548.793324591 4239736.46820076)","400661",CLOROFILA A,24.00000000000,No eutrófico,"193549","4239736","30",CHGn,µg/l
"POINT (189771.078006562 4263503.18827971)","400662",CLOROFILA A,14.55000000000,No eutrófico,"189771","4263503","30",CHGn,µg/l
"POINT (359283.000036185 4343741.00004075)","400663",CLOROFILA A,4.15000000000,No eutrófico,"359283","4343741","30",CHGn,µg/l
"POINT (155657.475830712 4245973.48284963)","400664",CLOROFILA A,45.00000000000,Eutrófico,"155657","4245973","30",CHGn,µg/l
"POINT (121873.304362991 4165758.86982844)","400665",CLOROFILA A,5.10000000000,No eutrófico,"121873","4165759","30",CHGn,µg/l
"POINT (174431.343634165 4222801.73090343)","400667",CLOROFILA A,50.85000000000,Eutrófico,"174431","4222802","30",CHGn,µg/l
"POINT (235802.506178431 4290546.2985897)","400668",CLOROFILA A,3.55000000000,No eutrófico,"235803","4290546","30",CHGn,µg/l
"POINT (446612.99996816 4328240.99997724)","400669",CLOROFILA A,86.00000000000,Eutrófico,"446613","4328241","30",CHGn,µg/l
"POINT (168635.999958984 4256991.00004336)","400671",CLOROFILA A,25.90000000000,Eutrófico,"168636","4256991","30",CHGn,µg/l
"POINT (544460.999992602 4310598.99997297)","400672",CLOROFILA A,78.00000000000,Eutrófico,"544461","4310599","30",CHGn,µg/l
"POINT (479257.000022821 4360728.00004519)","400675",CLOROFILA A,1.00000000000,No eutrófico,"479257","4360728","30",CHGn,µg/l
"POINT (514392.000030328 4356110.00004357)","400676",CLOROFILA A,82.00000000000,Eutrófico,"514392","4356110","30",CHGn,µg/l
"POINT (242632.000023704 4341988.99995048)","400677",CLOROFILA A,50.50000000000,Eutrófico,"242632","4341989","30",CHGn,µg/l
"POINT (272430.999952317 4257756.99997296)","400678",CLOROFILA A,18.50000000000,No eutrófico,"272431","4257757","30",CHGn,µg/l
"POINT (482680.999971651 4287149.0000025)","400679",CLOROFILA A,2.55000000000,No eutrófico,"482681","4287149","30",CHGn,µg/l
"POINT (274811.000010441 4340936.00001543)","400680",CLOROFILA A,0.00000000000,No eutrófico,"274811","4340936","30",CHGn,µg/l
"POINT (121102.000006251 4167947.00002004)","400681",CLOROFILA A,11.20000000000,No eutrófico,"121102","4167947","30",CHGn,µg/l
"POINT (127873.402818617 4259101.63724148)","400682",CLOROFILA A,22.00000000000,No eutrófico,"127873","4259102","30",CHGn,µg/l
"POINT (188503.000026339 4270777.00003778)","400683",CLOROFILA A,30.45000000000,Eutrófico,"188503","4270777","30",CHGn,µg/l
"POINT (404132.00001385 4264820.99998935)",GV08360002,CLOROFILA A,7.54000000000,No eutrófico,"404132","4264821","30",CHGv,µg/l
"POINT (445170.000039279 4267957.00000344)",GV08370002,CLOROFILA A,14.07500000000,No eutrófico,"445170","4267957","30",CHGv,µg/l
"POINT (496593.999950808 4251061.99997167)",GV08640002,CLOROFILA A,3.79000000000,No eutrófico,"496594","4251062","30",CHGv,µg/l
"POINT (507599.999964261 4246253.00005075)",GV08640003,CLOROFILA A,0.95500000000,No eutrófico,"507600","4246253","30",CHGv,µg/l
"POINT (305497.000024282 4236788.00000893)",GV08790001,CLOROFILA A,22.16000000000,No eutrófico,"305497","4236788","30",CHGv,µg/l
"POINT (450055.000032322 4225915.99997908)",GV08840002,CLOROFILA A,1.84000000000,No eutrófico,"450055","4225916","30",CHGv,µg/l
"POINT (331093.000020667 4217269.99997723)",GV09010001,CLOROFILA A,9.05500000000,No eutrófico,"331093","4217270","30",CHGv,µg/l
"POINT (353183.999980103 4211796.00002979)",GV09020001,CLOROFILA A,2.33000000000,No eutrófico,"353184","4211796","30",CHGv,µg/l
"POINT (390250.000041551 4213985.99997928)",GV09030002,CLOROFILA A,3.82500000000,No eutrófico,"390250","4213986","30",CHGv,µg/l
"POINT (382559.000012556 4216858.00001417)",GV09030003,CLOROFILA A,5.16500000000,No eutrófico,"382559","4216858","30",CHGv,µg/l
"POINT (413012.999974642 4224561.99999938)",GV09040004,CLOROFILA A,3.87000000000,No eutrófico,"413013","4224562","30",CHGv,µg/l
"POINT (429462.000046406 4223980.00004667)",GV09050003,CLOROFILA A,1.78500000000,No eutrófico,"429462","4223980","30",CHGv,µg/l
"POINT (458133.999960477 4223855.00002159)",GV09060003,CLOROFILA A,55.05000000000,Eutrófico,"458134","4223855","30",CHGv,µg/l
"POINT (463670.000013509 4218841.00000805)",GV09069001,CLOROFILA A,2.99000000000,No eutrófico,"463670","4218841","30",CHGv,µg/l
"POINT (518252.999957561 4216627.99998887)",GV09089001,CLOROFILA A,0.41000000000,No eutrófico,"518253","4216628","30",CHGv,µg/l
"POINT (240548.00005022 4208201.00004186)",GV09190002,CLOROFILA A,5.84500000000,No eutrófico,"240548","4208201","30",CHGv,µg/l
"POINT (305647.999961235 4197207.99995924)",GV09210001,CLOROFILA A,1.99500000000,No eutrófico,"305648","4197208","30",CHGv,µg/l
"POINT (321563.999972019 4191681.00004275)",GV09229001,CLOROFILA A,0.92000000000,No eutrófico,"321564","4191681","30",CHGv,µg/l
"POINT (357130.999967366 4202419.00000075)",GV09230002,CLOROFILA A,1.82500000000,No eutrófico,"357131","4202419","30",CHGv,µg/l
"POINT (342017.000045824 4209644.99996041)",GV09230005,CLOROFILA A,32.98000000000,Eutrófico,"342017","4209645","30",CHGv,µg/l
"POINT (531329.000028419 4190853.00001282)",GV09299001,CLOROFILA A,1.72500000000,No eutrófico,"531329","4190853","30",CHGv,µg/l
"POINT (224806.999994732 4178829.00003384)",GV09400002,CLOROFILA A,9.11000000000,No eutrófico,"224807","4178829","30",CHGv,µg/l
"POINT (245927.000016361 4179018.99996718)",GV09400004,CLOROFILA A,8.34000000000,No eutrófico,"245927","4179019","30",CHGv,µg/l
"POINT (303092.999983225 4188795.00000959)",GV09420001,CLOROFILA A,4.40000000000,No eutrófico,"303093","4188795","30",CHGv,µg/l
"POINT (296524.999950042 4180065.99999084)",GV09420002,CLOROFILA A,4.88500000000,No eutrófico,"296525","4180066","30",CHGv,µg/l
"POINT (281078.000016206 4180752.00004413)",GV09420004,CLOROFILA A,1.86000000000,No eutrófico,"281078","4180752","30",CHGv,µg/l
"POINT (508498.00000682 4179345.00002363)",GV09490001,CLOROFILA A,1.82000000000,No eutrófico,"508498","4179345","30",CHGv,µg/l
"POINT (518677.999974575 4184170.99997934)",GV09500001,CLOROFILA A,0.41000000000,No eutrófico,"518678","4184171","30",CHGv,µg/l
"POINT (209851.000023386 4158962.99998068)",GV09610001,CLOROFILA A,0.91000000000,No eutrófico,"209851","4158963","30",CHGv,µg/l
"POINT (218932.000037993 4173656.99996248)",GV09620003,CLOROFILA A,3.55000000000,No eutrófico,"218932","4173657","30",CHGv,µg/l
"POINT (230704.000043694 4162180.00004533)",GV09620004,CLOROFILA A,9.13500000000,No eutrófico,"230704","4162180","30",CHGv,µg/l
"POINT (263484.99995764 4183648.99997149)",GV09630001,CLOROFILA A,5.05000000000,No eutrófico,"263485","4183649","30",CHGv,µg/l
"POINT (394470.999957276 4163620.99996921)",GV09679001,CLOROFILA A,2.29000000000,No eutrófico,"394471","4163621","30",CHGv,µg/l
"POINT (410758.000027866 4166258.99995373)",GV09680003,CLOROFILA A,10.46500000000,No eutrófico,"410758","4166259","30",CHGv,µg/l
"POINT (435736.000018828 4165313.99997821)",GV09690001,CLOROFILA A,0.99000000000,No eutrófico,"435736","4165314","30",CHGv,µg/l
"POINT (512456.00001904 4159593.99997737)",GV09719001,CLOROFILA A,0.26500000000,No eutrófico,"512456","4159594","30",CHGv,µg/l
"POINT (437217.000016674 4140235.00001654)",GV09919001,CLOROFILA A,1.24000000000,No eutrófico,"437217","4140235","30",CHGv,µg/l
"POINT (377014.000013271 4126366.00001204)",GV10070002,CLOROFILA A,2.42500000000,No eutrófico,"377014","4126366","30",CHGv,µg/l
"POINT (439587.999965274 4125594.0000425)",GV10090004,CLOROFILA A,8.48500000000,No eutrófico,"439588","4125594","30",CHGv,µg/l
"POINT (461087.999993228 4117494.00004515)",GV10100001,CLOROFILA A,0.73000000000,No eutrófico,"461088","4117494","30",CHGv,µg/l
"POINT (477496.000043322 4129607.00003934)",GV10100005,CLOROFILA A,0.00000000000,No eutrófico,"477496","4129607","30",CHGv,µg/l
"POINT (302905.000047322 4109904.00002247)",GV10219001,CLOROFILA A,6.01000000000,No eutrófico,"302905","4109904","30",CHGv,µg/l
"POINT (457345.00002487 4112779.99998186)",GV10270001,CLOROFILA A,2.16000000000,No eutrófico,"457345","4112780","30",CHGv,µg/l
"POINT (420483.999964101 4094774.99997341)",GV10400001,CLOROFILA A,0.83500000000,No eutrófico,"420484","4094775","30",CHGv,µg/l
"POINT (293258.999993464 4190824.99998207)",GV41300,CLOROFILA A,5.00000000000,No eutrófico,"293259","4190825","30",CHGv,µg/l
"POINT (347554.000036763 4135065.00003)",GV51009,CLOROFILA A,1.51500000000,No eutrófico,"347554","4135065","30",CHGv,µg/l
"POINT (399051.999987735 4161816.99996231)",GV90003,CLOROFILA A,0.00000000000,No eutrófico,"399052","4161817","30",CHGv,µg/l
"POINT (350190.000019708 4149635.00003214)",GV90005,CLOROFILA A,5.58000000000,No eutrófico,"350190","4149635","30",CHGv,µg/l
"POINT (356020.000004327 4147078.99997456)",GV90007,CLOROFILA A,6.94000000000,No eutrófico,"356020","4147079","30",CHGv,µg/l
"POINT (356938.999959558 4130964.99996207)",GV90010,CLOROFILA A,0.00000000000,No eutrófico,"356939","4130965","30",CHGv,µg/l
"POINT (239909.00001212 4087079.0000091)",GV90020,CLOROFILA A,10.23000000000,No eutrófico,"239909","4087079","30",CHGv,µg/l
"POINT (244537.999969857 4083967.00000316)",GV90021,CLOROFILA A,8.39000000000,No eutrófico,"244538","4083967","30",CHGv,µg/l
"POINT (197576.000024314 4119581.99997429)",GV90026,CLOROFILA A,12.80000000000,No eutrófico,"197576","4119582","30",CHGv,µg/l
"POINT (213626.000038653 4096010.99995206)",GV90028,CLOROFILA A,3.35000000000,No eutrófico,"213626","4096011","30",CHGv,µg/l
"POINT (193714.999956448 4099292.00004607)",GV90033,CLOROFILA A,9.45000000000,No eutrófico,"193715","4099292","30",CHGv,µg/l
"POINT (288395.999966605 4071473.00003345)",AA00000692,CLOROFILA A,1.18666666667,No eutrófico,"288396","4071473","30",GB,µg/l
"POINT (287018.999951789 4081417.99996291)",AA00000747,CLOROFILA A,1.28933333333,No eutrófico,"287019","4081418","30",GB,µg/l
"POINT (271045.000016629 4060475.99997454)",AA00000748,CLOROFILA A,2.30800000000,No eutrófico,"271045","4060476","30",GB,µg/l
"POINT (250979.999971652 4061660.9999695)",AA00000749,CLOROFILA A,0.69175000000,No eutrófico,"250980","4061661","30",GB,µg/l
"POINT (254136.999996102 4029006.00001398)",AA00000750,CLOROFILA A,13.85000000000,Eutrófico,"254137","4029006","30",GB,µg/l
"POINT (250740.000016673 4020789.00000242)",AA00000751,CLOROFILA A,5.49888888889,No eutrófico,"250740","4020789","30",GB,µg/l
"POINT (261684.000005001 4004333.0000488)",AA00000752,CLOROFILA A,2.82650000000,No eutrófico,"261684","4004333","30",GB,µg/l
"POINT (250496.999959327 4071011.99998233)",AA00000758,CLOROFILA A,2.55700000000,No eutrófico,"250497","4071012","30",GB,µg/l
"POINT (227282.999972616 4056719.99996007)",AA00000793,CLOROFILA A,13.70857142860,Eutrófico,"227283","4056720","30",GB,µg/l
"POINT (229007.999999617 4046448.00003098)",AA00000798,CLOROFILA A,25.60000000000,Eutrófico,"229008","4046448","30",GB,µg/l
"POINT (210674.000037511 4060355.99997685)",AA00000819,CLOROFILA A,8.31500000000,Eutrófico,"210674","4060356","30",GB,µg/l
"POINT (223676.999977093 4037251.99999668)",AA00000840,CLOROFILA A,6.30000000000,No eutrófico,"223677","4037252","30",GB,µg/l
"POINT (224747.999986243 4039331.9999804)",AA00000841,CLOROFILA A,72.98000000000,Eutrófico,"224748","4039332","30",GB,µg/l
"POINT (226314.999996453 4047696.99999896)",AA00000842,CLOROFILA A,2.16000000000,No eutrófico,"226315","4047697","30",GB,µg/l
"POINT (264545.000039644 4040529.00002737)",AA10700003,CLOROFILA A,1.44975000000,No eutrófico,"264545","4040529","30",GB,µg/l
"POINT (76182.0000389023 4758103.99996363)",14.RW.05.120,CLOROFILA A,10.98200000000,No eutrófico,"76182","4758104","30",GC,µg/l
"POINT (121325.999979695 4714231.00002686)",NO01880025,CLOROFILA A,4.25000000000,No eutrófico,"121326","4714231","30",CHMS,µg/l
"POINT (138111.999978439 4688315.00003137)",NO02270001,CLOROFILA A,5.52222222222,No eutrófico,"138112","4688315","30",CHMS,µg/l
"POINT (156950.999984897 4118930.0000038)",AA00000746,CLOROFILA A,171.88888888900,Eutrófico,"156951","4118930","30",TOP,µg/l
"POINT (180978.000014869 4188673.00003031)",AA00000753,CLOROFILA A,6.15333333333,No eutrófico,"180978","4188673","30",TOP,µg/l
"POINT (127311.999965005 4138068.99995425)",AA00000754,CLOROFILA A,9.85117647059,Eutrófico,"127312","4138069","30",TOP,µg/l
"POINT (147687.000016748 4153581.99999959)",AA00000755,CLOROFILA A,2.88536363636,No eutrófico,"147687","4153582","30",TOP,µg/l
"POINT (164354.00000203 4180798.00000567)",AA00000756,CLOROFILA A,4.09033333333,No eutrófico,"164354","4180798","30",TOP,µg/l
"POINT (122115.999963337 4144220.99998983)",AA00000757,CLOROFILA A,9.17000000000,Eutrófico,"122116","4144221","30",TOP,µg/l
"POINT (184030.999982384 4150651.00002324)",AA00000796,CLOROFILA A,10.13238095240,Eutrófico,"184031","4150651","30",TOP,µg/l
"POINT (141001.999961918 4126115.99999767)",AA00000797,CLOROFILA A,17.63375000000,Eutrófico,"141002","4126116","30",TOP,µg/l
"POINT (154826.999980239 4120270.0000107)",AA00000816,CLOROFILA A,169.42000000000,Eutrófico,"154827","4120270","30",TOP,µg/l
"POINT (155079.000017284 4120023.99999759)",AA00000817,CLOROFILA A,101.40000000000,Eutrófico,"155079","4120024","30",TOP,µg/l
"POINT (154423.999957805 4120988.00003898)",AA00000818,CLOROFILA A,22.06000000000,Eutrófico,"154424","4120988","30",TOP,µg/l
"POINT (190529.000024199 4174752.99995686)",AA00000821,CLOROFILA A,1.50176190476,No eutrófico,"190529","4174753","30",TOP,µg/l
"POINT (165397.999979218 4188819.00002622)",AA00000839,CLOROFILA A,5.32666666667,No eutrófico,"165398","4188819","30",TOP,µg/l
